Id,Name,Icon Image Link,Photo Image Link,Species,Gender,Personality,Subtype,Hobby,Birthday,Catchphrase,Favorite Song,Favorite Saying,Name Color,Bubble Color
1,Ace,https://acnhcdn.com/latest/NpcIcon/brd09.png,https://acnhcdn.com/latest/NpcBromide/NpcNmlBrd09.png,Bird,Male,Jock,A,Nature,8/11,ace,K.K. Hop,"If you love something, let it go. Then chase it down. What were you thinking?",#fffce9,#0961f6
2,Admiral,https://acnhcdn.com/latest/NpcIcon/brd06.png,https://acnhcdn.com/latest/NpcBromide/NpcNmlBrd06.png,Bird,Male,Cranky,A,Nature,1/27,aye aye,Steep Hill,Only quitters give up.,#fffce9,#0ca54a
3,Agent S,https://acnhcdn.com/latest/NpcIcon/squ05.png,https://acnhcdn.com/latest/NpcBromide/NpcNmlSqu05.png,Squirrel,Female,Peppy,B,Fitness,7/2,sidekick,Go K.K. Rider,You gotta put the pedal to the metal!,#fffce9,#0961f6
4,Agnes,https://acnhcdn.com/latest/NpcIcon/pig17.png,https://acnhcdn.com/latest/NpcBromide/NpcNmlPig17.png,Pig,Female,Big Sister,A,Play,4/21,snuffle,K.K. House,You reap what you sow.,#fffce9,#515151
5,Al,https://acnhcdn.com/latest/NpcIcon/gor08.png,https://acnhcdn.com/latest/NpcBromide/NpcNmlGor08.png,Gorilla,Male,Lazy,B,Fitness,10/18,ayyyeee,Go K.K. Rider,Life is a buffet. Always go back for seconds.,#fffad4,#798040
6,Alfonso,https://acnhcdn.com/latest/NpcIcon/crd00.png,https://acnhcdn.com/latest/NpcBromide/NpcNmlCrd00.png,Alligator,Male,Lazy,B,Play,6/9,it'sa me,Forest Life,Slow and steady wins the race.,#fffce9,#e8b010
7,Alice,https://acnhcdn.com/latest/NpcIcon/kal01.png,https://acnhcdn.com/latest/NpcBromide/NpcNmlKal01.png,Koala,Female,Normal,B,Education,8/19,guvnor,Aloha K.K.,Treat others as you would like to be treated.,#fffce9,#e8b010
8,Alli,https://acnhcdn.com/latest/NpcIcon/crd01.png,https://acnhcdn.com/latest/NpcBromide/NpcNmlCrd01.png,Alligator,Female,Snooty,B,Fashion,11/8,graaagh,K.K. Soul,Think before you act.,#fffce9,#3fd8e0
9,Amelia,https://acnhcdn.com/latest/NpcIcon/pbr01.png,https://acnhcdn.com/latest/NpcBromide/NpcNmlPbr01.png,Eagle,Female,Snooty,B,Music,11/19,cuz,K.K. Condor,"Pampering yourself is as important as food, water, and shelter!",#fffad4,#ff4040
10,Anabelle,https://acnhcdn.com/latest/NpcIcon/ant03.png,https://acnhcdn.com/latest/NpcBromide/NpcNmlAnt03.png,Anteater,Female,Peppy,B,Fashion,2/16,snorty,Aloha K.K.,Dance like no one's watching!,#fff2bb,#ff791f
11,Anchovy,https://acnhcdn.com/latest/NpcIcon/brd02.png,https://acnhcdn.com/latest/NpcBromide/NpcNmlBrd02.png,Bird,Male,Lazy,B,Play,3/4,chuurp,K.K. Ragtime,Why do today what you can put off until tomorrow?,#fffce9,#d86808
12,Angus,https://acnhcdn.com/latest/NpcIcon/bul00.png,https://acnhcdn.com/latest/NpcBromide/NpcNmlBul00.png,Bull,Male,Cranky,B,Fitness,4/30,macmoo,K.K. Calypso,Even strong bulls cry.,#fff2bb,#ff791f
13,Anicotti,https://acnhcdn.com/latest/NpcIcon/mus10.png,https://acnhcdn.com/latest/NpcBromide/NpcNmlMus10.png,Mouse,Female,Peppy,B,Fashion,2/24,cannoli,Neapolitan,The walls have ears.,#28665a,#78dd62
14,Ankha,https://acnhcdn.com/latest/NpcIcon/cat19.png,https://acnhcdn.com/latest/NpcBromide/NpcNmlCat19.png,Cat,Female,Snooty,B,Nature,9/22,me meow,K.K. Bazaar,All that glitters is not gold.,#9b8986,#fff80d
15,Annalisa,https://acnhcdn.com/latest/NpcIcon/ant08.png,https://acnhcdn.com/latest/NpcBromide/NpcNmlAnt08.png,Anteater,Female,Normal,A,Nature,2/6,gumdrop,King K.K.,Home is where the heart is.,#848484,#ffffff
16,Annalise,https://acnhcdn.com/latest/NpcIcon/hrs09.png,https://acnhcdn.com/latest/NpcBromide/NpcNmlHrs09.png,Horse,Female,Snooty,B,Fashion,12/2,nipper,Aloha K.K.,Let gossip go in one ear and out the other.,#eac113,#7c6559
17,Antonio,https://acnhcdn.com/latest/NpcIcon/ant01.png,https://acnhcdn.com/latest/NpcBromide/NpcNmlAnt01.png,Anteater,Male,Jock,B,Fitness,10/20,honk,K.K. Ragtime,Always go for the burn!,#879b96,#fff98f
18,Apollo,https://acnhcdn.com/latest/NpcIcon/pbr00.png,https://acnhcdn.com/latest/NpcBromide/NpcNmlPbr00.png,Eagle,Male,Cranky,B,Music,7/4,pah,K.K. Rock,What goes up must come down.,#848484,#ffffff
19,Apple,https://acnhcdn.com/latest/NpcIcon/ham01.png,https://acnhcdn.com/latest/NpcBromide/NpcNmlHam01.png,Hamster,Female,Peppy,A,Play,9/24,cheekers,I Love You,One rotten apple spoils the barrel.,#fffce9,#ff6183
20,Astrid,https://acnhcdn.com/latest/NpcIcon/kgr05.png,https://acnhcdn.com/latest/NpcBromide/NpcNmlKgr05.png,Kangaroo,Female,Snooty,B,Music,9/8,my pet,K.K. Gumbo,The apple doesn't fall far from the tree.,#848484,#ffffff
21,Audie,https://acnhcdn.com/latest/NpcIcon/wol12.png,https://acnhcdn.com/latest/NpcBromide/NpcNmlWol12.png,Wolf,Female,Peppy,A,Fitness,8/31,foxtrot,K.K. Island,Be the kind of person your future self won't regret having been.,#fff2bb,#ff791f
22,Aurora,https://acnhcdn.com/latest/NpcIcon/pgn00.png,https://acnhcdn.com/latest/NpcBromide/NpcNmlPgn00.png,Penguin,Female,Normal,B,Education,1/27,b-b-baby,Stale Cupcakes,Always keep your cool.,#848484,#ffffff
23,Ava,https://acnhcdn.com/latest/NpcIcon/chn05.png,https://acnhcdn.com/latest/NpcBromide/NpcNmlChn05.png,Chicken,Female,Normal,B,Music,4/28,beaker,K.K. Love Song,"Early to bed, early to rise.",#fffce9,#e8b010
24,Avery,https://acnhcdn.com/latest/NpcIcon/pbr05.png,https://acnhcdn.com/latest/NpcBromide/NpcNmlPbr05.png,Eagle,Male,Cranky,B,Music,2/22,skree-haw,K.K. Condor,What goes around comes around.,#fffce9,#c0ab72
25,Axel,https://acnhcdn.com/latest/NpcIcon/elp06.png,https://acnhcdn.com/latest/NpcBromide/NpcNmlElp06.png,Elephant,Male,Jock,B,Fitness,3/23,WHONK,K.K. Dixie,Do not compare a fly with an elephant.,#fffce9,#459aba
26,Azalea,https://acnhcdn.com/latest/NpcIcon/rhn05.png,https://acnhcdn.com/latest/NpcBromide/NpcNmlRhn05.png,Rhinoceros,Female,Snooty,B,Nature,12/18,merci,K.K. Lovers,"Colorful petals, deep roots.",#fffce9,#00d1bd
27,Baabara,https://acnhcdn.com/latest/NpcIcon/shp01.png,https://acnhcdn.com/latest/NpcBromide/NpcNmlShp01.png,Sheep,Female,Snooty,B,Fashion,3/28,daahling,K.K. Cruisin',Don't just follow the flock.,#fffad4,#8bcdea
28,Bam,https://acnhcdn.com/latest/NpcIcon/der01.png,https://acnhcdn.com/latest/NpcBromide/NpcNmlDer01.png,Deer,Male,Jock,A,Play,11/7,kablang,K.K. Blues,Get while the getting's good.,#fffce9,#0961f6
29,Bangle,https://acnhcdn.com/latest/NpcIcon/tig03.png,https://acnhcdn.com/latest/NpcBromide/NpcNmlTig03.png,Tiger,Female,Peppy,B,Fashion,8/27,growf,K.K. Soul,Don't blink or you'll miss it.,#fffce9,#7a2500
30,Barold,https://acnhcdn.com/latest/NpcIcon/cbr16.png,https://acnhcdn.com/latest/NpcBromide/NpcNmlCbr16.png,Bear cub,Male,Lazy,A,Play,3/2,cubby,K.K. Song,Please DO feed the bears!,#5e5e5e,#bfbfbf
31,Bea,https://acnhcdn.com/latest/NpcIcon/dog10.png,https://acnhcdn.com/latest/NpcBromide/NpcNmlDog10.png,Dog,Female,Normal,A,Nature,10/15,bingo,Drivin',The perfect pair complements each other.,#fffce9,#a87850
32,Beardo,https://acnhcdn.com/latest/NpcIcon/bea13.png,https://acnhcdn.com/latest/NpcBromide/NpcNmlBea13.png,Bear,Male,Smug,A,Education,9/27,whiskers,K.K. Milonga,Fashion first!,#fffce9,#3fd8e0
33,Beau,https://acnhcdn.com/latest/NpcIcon/der07.png,https://acnhcdn.com/latest/NpcBromide/NpcNmlDer07.png,Deer,Male,Lazy,A,Nature,4/5,saltlick,Mountain Song,"You snooze, you lose.",#fff2bb,#ff791f
34,Becky,https://acnhcdn.com/latest/NpcIcon/chn09.png,https://acnhcdn.com/latest/NpcBromide/NpcNmlChn09.png,Chicken,Female,Snooty,B,Music,12/9,chicklet,K.K. Chorale,A fool and his Bells are soon parted.,#fffce9,#a06fce
35,Bella,https://acnhcdn.com/latest/NpcIcon/mus02.png,https://acnhcdn.com/latest/NpcBromide/NpcNmlMus02.png,Mouse,Female,Peppy,B,Music,12/28,eeks,K.K. Metal,A glamour shot is worth a thousand words.,#848484,#ffffff
36,Benedict,https://acnhcdn.com/latest/NpcIcon/chn01.png,https://acnhcdn.com/latest/NpcBromide/NpcNmlChn01.png,Chicken,Male,Lazy,B,Play,10/10,uh-hoo,I Love You,Don't put all your eggs in one basket.,#fffad4,#ff4040
37,Benjamin,https://acnhcdn.com/latest/NpcIcon/dog16.png,https://acnhcdn.com/latest/NpcBromide/NpcNmlDog16.png,Dog,Male,Lazy,A,Nature,8/3,alrighty,Mr. K.K.,A good dog deserves a good treat.,#9b553a,#ffd00d
38,Bertha,https://acnhcdn.com/latest/NpcIcon/hip03.png,https://acnhcdn.com/latest/NpcBromide/NpcNmlHip03.png,Hippo,Female,Normal,B,Education,4/25,bloop,Two Days Ago,The best part of spring is the picnics!,#fffce9,#00d1bd
39,Bettina,https://acnhcdn.com/latest/NpcIcon/mus15.png,https://acnhcdn.com/latest/NpcBromide/NpcNmlMus15.png,Mouse,Female,Normal,B,Education,6/12,eekers,Animal City,No time like the present!,#fff2bb,#ff791f
40,Bianca,https://acnhcdn.com/latest/NpcIcon/tig06.png,https://acnhcdn.com/latest/NpcBromide/NpcNmlTig06.png,Tiger,Female,Peppy,A,Play,12/13,glimmer,K.K. House,There is such a thing as love at first sight.,#848484,#ffffff
41,Biff,https://acnhcdn.com/latest/NpcIcon/hip04.png,https://acnhcdn.com/latest/NpcBromide/NpcNmlHip04.png,Hippo,Male,Jock,B,Fitness,3/29,squirt,The K. Funk,Eighth place is just the seventh loser.,#fffce9,#7a2500
42,Big Top,https://acnhcdn.com/latest/NpcIcon/elp02.png,https://acnhcdn.com/latest/NpcBromide/NpcNmlElp02.png,Elephant,Male,Lazy,B,Play,10/3,villain,Go K.K. Rider,A big nose never spoiled a handsome face.,#28665a,#78dd62
43,Bill,https://acnhcdn.com/latest/NpcIcon/duk00.png,https://acnhcdn.com/latest/NpcBromide/NpcNmlDuk00.png,Duck,Male,Jock,A,Play,2/1,quacko,Imperial K.K.,"Even though there's no 'I' in team, there is a 'me'!",#fffce9,#7a2500
44,Billy,https://acnhcdn.com/latest/NpcIcon/goa02.png,https://acnhcdn.com/latest/NpcBromide/NpcNmlGoa02.png,Goat,Male,Jock,A,Play,3/25,dagnaabit,K.K. Song,Old dogs can learn new tricks.,#fffce9,#d86808
45,Biskit,https://acnhcdn.com/latest/NpcIcon/dog03.png,https://acnhcdn.com/latest/NpcBromide/NpcNmlDog03.png,Dog,Male,Lazy,B,Play,5/13,dawg,K.K. Mambo,Let sleeping dogs lie.,#874c25,#ffaa3b
46,Bitty,https://acnhcdn.com/latest/NpcIcon/hip05.png,https://acnhcdn.com/latest/NpcBromide/NpcNmlHip05.png,Hippo,Female,Snooty,A,Education,10/6,my dear,K.K. Disco,Necessity is the mother of all invention.,#fffce9,#f993ce
47,Blaire,https://acnhcdn.com/latest/NpcIcon/squ01.png,https://acnhcdn.com/latest/NpcBromide/NpcNmlSqu01.png,Squirrel,Female,Snooty,B,Fashion,7/3,nutlet,K.K. Bossa,Practice makes perfect.,#fffce9,#515151
48,Blanche,https://acnhcdn.com/latest/NpcIcon/ost08.png,https://acnhcdn.com/latest/NpcBromide/NpcNmlOst08.png,Ostrich,Female,Snooty,A,Nature,12/21,quite so,K.K. Jongara,Nothing beats personal experience.,#848484,#ffffff
49,Bluebear,https://acnhcdn.com/latest/NpcIcon/cbr00.png,https://acnhcdn.com/latest/NpcBromide/NpcNmlCbr00.png,Bear cub,Female,Peppy,B,Fashion,6/24,peach,Only Me,Candy makes the world go 'round.,#fffce9,#3fd8e0
50,Bob,https://acnhcdn.com/latest/NpcIcon/cat00.png,https://acnhcdn.com/latest/NpcBromide/NpcNmlCat00.png,Cat,Male,Lazy,B,Play,1/1,pthhpth,Neapolitan,You only live once...or nine times.,#fffce9,#a06fce
51,Bonbon,https://acnhcdn.com/latest/NpcIcon/rbt17.png,https://acnhcdn.com/latest/NpcBromide/NpcNmlRbt17.png,Rabbit,Female,Peppy,A,Play,3/3,deelish,Bubblegum K.K.,Hindsight is always 20/20.,#eac113,#7c6559
52,Bones,https://acnhcdn.com/latest/NpcIcon/dog04.png,https://acnhcdn.com/latest/NpcBromide/NpcNmlDog04.png,Dog,Male,Lazy,B,Play,8/4,yip yip,K.K. Étude,A snack a day keeps the vacuum away.,#848484,#ffffff
53,Boomer,https://acnhcdn.com/latest/NpcIcon/pgn10.png,https://acnhcdn.com/latest/NpcBromide/NpcNmlPgn10.png,Penguin,Male,Lazy,B,Fitness,2/7,human,Farewell,Flying is believing.,#fffad4,#798040
54,Boone,https://acnhcdn.com/latest/NpcIcon/gor02.png,https://acnhcdn.com/latest/NpcBromide/NpcNmlGor02.png,Gorilla,Male,Jock,B,Fitness,9/12,baboom,Mountain Song,Never settle for second best.,#874c25,#ffaa3b
55,Boots,https://acnhcdn.com/latest/NpcIcon/crd02.png,https://acnhcdn.com/latest/NpcBromide/NpcNmlCrd02.png,Alligator,Male,Jock,A,Play,8/7,munchie,Wandering,Strength lies in muscles.,#fffce9,#0ca54a
56,Boris,https://acnhcdn.com/latest/NpcIcon/pig09.png,https://acnhcdn.com/latest/NpcBromide/NpcNmlPig09.png,Pig,Male,Cranky,A,Nature,11/6,schnort,K.K. Oasis,Life's short. Eat chocolate.,#fffad4,#194c89
57,Boyd,https://acnhcdn.com/latest/NpcIcon/gor05.png,https://acnhcdn.com/latest/NpcBromide/NpcNmlGor05.png,Gorilla,Male,Cranky,A,Fitness,10/1,uh-oh,K.K. Groove,There's always time to take a second look.,#fffce9,#7a2500
58,Bree,https://acnhcdn.com/latest/NpcIcon/mus03.png,https://acnhcdn.com/latest/NpcBromide/NpcNmlMus03.png,Mouse,Female,Snooty,B,Fashion,7/7,cheeseball,K.K. Bossa,The gift says more about the giver.,#848484,#ffffff
59,Broccolo,https://acnhcdn.com/latest/NpcIcon/mus12.png,https://acnhcdn.com/latest/NpcBromide/NpcNmlMus12.png,Mouse,Male,Lazy,B,Play,6/30,eat it,I Love You,One nap leads to another.,#fffce9,#55cfff
60,Broffina,https://acnhcdn.com/latest/NpcIcon/chn12.png,https://acnhcdn.com/latest/NpcBromide/NpcNmlChn12.png,Chicken,Female,Snooty,A,Music,10/24,cluckadoo,K.K. Flamenco,Don't peck the hand that feeds you.,#fff2bb,#ff791f
61,Bruce,https://acnhcdn.com/latest/NpcIcon/der03.png,https://acnhcdn.com/latest/NpcBromide/NpcNmlDer03.png,Deer,Male,Cranky,A,Nature,5/26,gruff,K.K. Blues,Nobody's perfect.,#fffce9,#459aba
62,Bubbles,https://acnhcdn.com/latest/NpcIcon/hip02.png,https://acnhcdn.com/latest/NpcBromide/NpcNmlHip02.png,Hippo,Female,Peppy,B,Fashion,9/18,hipster,K.K. Stroll,It's best to keep your lips and purse sealed.,#fffce9,#e8b010
63,Buck,https://acnhcdn.com/latest/NpcIcon/hrs00.png,https://acnhcdn.com/latest/NpcBromide/NpcNmlHrs00.png,Horse,Male,Jock,B,Fitness,4/4,pardner,My Place,Keep your eyes on the prize.,#fffad4,#798040
64,Bud,https://acnhcdn.com/latest/NpcIcon/lon00.png,https://acnhcdn.com/latest/NpcBromide/NpcNmlLon00.png,Lion,Male,Jock,B,Fitness,8/8,shredded,Aloha K.K.,You're not living unless you're sweating!,#fffce9,#d86808
65,Bunnie,https://acnhcdn.com/latest/NpcIcon/rbt00.png,https://acnhcdn.com/latest/NpcBromide/NpcNmlRbt00.png,Rabbit,Female,Peppy,B,Fashion,5/9,tee-hee,Forest Life,"Hare today, gone tomorrow.",#fff2bb,#ff791f
66,Butch,https://acnhcdn.com/latest/NpcIcon/dog01.png,https://acnhcdn.com/latest/NpcBromide/NpcNmlDog01.png,Dog,Male,Cranky,B,Music,11/1,ROOOOOWF,K.K. Western,A house without either a cat or a dog is a sad house indeed.,#874c25,#ffaa3b
67,Buzz,https://acnhcdn.com/latest/NpcIcon/pbr03.png,https://acnhcdn.com/latest/NpcBromide/NpcNmlPbr03.png,Eagle,Male,Cranky,A,Nature,12/7,captain,Drivin',Pride'll put you in a pickle.,#fffce9,#d86808
68,Cally,https://acnhcdn.com/latest/NpcIcon/squ11.png,https://acnhcdn.com/latest/NpcBromide/NpcNmlSqu11.png,Squirrel,Female,Normal,B,Nature,9/4,WHEE,K.K. Stroll,It's always teatime somewhere.,#fffce9,#c0ab72
69,Camofrog,https://acnhcdn.com/latest/NpcIcon/flg03.png,https://acnhcdn.com/latest/NpcBromide/NpcNmlFlg03.png,Frog,Male,Cranky,B,Music,6/5,ten-hut,K.K. Safari,What you can't see can't hurt you.,#fffce9,#76b788
70,Canberra,https://acnhcdn.com/latest/NpcIcon/kal08.png,https://acnhcdn.com/latest/NpcBromide/NpcNmlKal08.png,Koala,Female,Big Sister,A,Play,5/14,nuh uh,K.K. Island,It's never too late to start over.,#fff2bb,#ff791f
71,Candi,https://acnhcdn.com/latest/NpcIcon/mus08.png,https://acnhcdn.com/latest/NpcBromide/NpcNmlMus08.png,Mouse,Female,Peppy,A,Play,4/13,sweetie,Neapolitan,"The players may change, but the music stays the same.",#fffce9,#ff6183
72,Carmen,https://acnhcdn.com/latest/NpcIcon/rbt16.png,https://acnhcdn.com/latest/NpcBromide/NpcNmlRbt16.png,Rabbit,Female,Peppy,B,Fashion,1/6,nougat,K.K. Stroll,Absence makes the heart grow fonder.,#fffce9,#7a2500
73,Caroline,https://acnhcdn.com/latest/NpcIcon/squ06.png,https://acnhcdn.com/latest/NpcBromide/NpcNmlSqu06.png,Squirrel,Female,Normal,B,Music,7/15,hulaaaa,Pondering,New brooms sweep clean.,#fff2bb,#ff791f
74,Carrie,https://acnhcdn.com/latest/NpcIcon/kgr02.png,https://acnhcdn.com/latest/NpcBromide/NpcNmlKgr02.png,Kangaroo,Female,Normal,A,Nature,12/5,little one,I Love You,A mother's work is never done.,#fffce9,#e8b010
75,Cashmere,https://acnhcdn.com/latest/NpcIcon/shp04.png,https://acnhcdn.com/latest/NpcBromide/NpcNmlShp04.png,Sheep,Female,Snooty,A,Fashion,4/2,baaaby,Farewell,100% Wool.,#85a2af,#bff2ff
76,Celia,https://acnhcdn.com/latest/NpcIcon/pbr09.png,https://acnhcdn.com/latest/NpcBromide/NpcNmlPbr09.png,Eagle,Female,Normal,A,Nature,3/25,feathers,K.K. Soul,It's the thought that counts.,#848484,#ffffff
77,Cephalobot,https://acnhcdn.com/latest/NpcIcon/ocp04.png,https://acnhcdn.com/latest/NpcBromide/NpcNmlOcp04.png,Octopus,Male,Smug,B,Play,4/1,donk donk,K.K. Robot Synth,Take me to your pizza.,#5e5e5e,#bfbfbf
78,Cesar,https://acnhcdn.com/latest/NpcIcon/gor00.png,https://acnhcdn.com/latest/NpcBromide/NpcNmlGor00.png,Gorilla,Male,Cranky,B,Fitness,9/6,highness,K.K. Cruisin',"As soon as you can grow a mustache, do it.",#fff2bb,#ff791f
79,Chabwick,https://acnhcdn.com/latest/NpcIcon/pgn07.png,https://acnhcdn.com/latest/NpcBromide/NpcNmlPgn07.png,Penguin,Male,Lazy,A,Play,12/24,blargh,K.K. Dub,"Live, laugh, lasagna.",#fffad4,#194c89
80,Chadder,https://acnhcdn.com/latest/NpcIcon/mus18.png,https://acnhcdn.com/latest/NpcBromide/NpcNmlMus18.png,Mouse,Male,Smug,A,Fitness,12/15,fromage,K.K. Soul,Meeting is just the start of us saying goodbye.,#9b553a,#ffd00d
81,Chai,https://acnhcdn.com/latest/NpcIcon/elp11.png,https://acnhcdn.com/latest/NpcBromide/NpcNmlElp11.png,Elephant,Female,Peppy,A,Play,3/6,flap flap,K.K. Bossa,He who chases two rabbits catches none.,#52b8ec,#cefdff
82,Charlise,https://acnhcdn.com/latest/NpcIcon/bea12.png,https://acnhcdn.com/latest/NpcBromide/NpcNmlBea12.png,Bear,Female,Big Sister,B,Fitness,4/17,urgh,Mr. K.K.,Actions speak louder than words.,#28665a,#78dd62
83,Chelsea,https://acnhcdn.com/latest/NpcIcon/der10.png,https://acnhcdn.com/latest/NpcBromide/NpcNmlDer10.png,Deer,Female,Normal,A,Play,1/18,pound cake,K.K. Stroll,Always look a gift horse in the mouth.,#fff9f9,#feaaaa
84,Cheri,https://acnhcdn.com/latest/NpcIcon/cbr10.png,https://acnhcdn.com/latest/NpcBromide/NpcNmlCbr10.png,Bear cub,Female,Peppy,B,Fashion,3/17,tralala,K.K. Disco,Good things come in small packages.,#fffce9,#db6161
85,Cherry,https://acnhcdn.com/latest/NpcIcon/dog17.png,https://acnhcdn.com/latest/NpcBromide/NpcNmlDog17.png,Dog,Female,Big Sister,A,Music,5/11,what what,K.K. D&B,"One dog barks at something, the rest bark at him.",#fffce9,#ff6183
86,Chester,https://acnhcdn.com/latest/NpcIcon/cbr15.png,https://acnhcdn.com/latest/NpcBromide/NpcNmlCbr15.png,Bear cub,Male,Lazy,B,Play,8/6,rookie,Imperial K.K.,Sleep early. Wake late.,#848484,#ffffff
87,Chevre,https://acnhcdn.com/latest/NpcIcon/goa00.png,https://acnhcdn.com/latest/NpcBromide/NpcNmlGoa00.png,Goat,Female,Normal,B,Education,3/6,la baa,K.K. Chorale,"If you're gonna dream, dream big.",#848484,#ffffff
88,Chief,https://acnhcdn.com/latest/NpcIcon/wol00.png,https://acnhcdn.com/latest/NpcBromide/NpcNmlWol00.png,Wolf,Male,Cranky,B,Music,12/19,harrumph,Rockin' K.K.,Don't wish it were easier; wish you were better.,#874c25,#ffaa3b
89,Chops,https://acnhcdn.com/latest/NpcIcon/pig14.png,https://acnhcdn.com/latest/NpcBromide/NpcNmlPig14.png,Pig,Male,Smug,A,Education,10/13,zoink,K.K. Moody,You can't have your cake and eat it too.,#8b5f57,#d8cc39
90,Chow,https://acnhcdn.com/latest/NpcIcon/bea03.png,https://acnhcdn.com/latest/NpcBromide/NpcNmlBea03.png,Bear,Male,Cranky,B,Fitness,7/22,aiya,Imperial K.K.,All good things must come to an end.,#634b4b,#f2bdc7
91,Chrissy,https://acnhcdn.com/latest/NpcIcon/rbt13.png,https://acnhcdn.com/latest/NpcBromide/NpcNmlRbt13.png,Rabbit,Female,Peppy,B,Fashion,8/28,sparkles,Bubblegum K.K.,A fool and their Bells are soon parted.,#fffce9,#f993ce
92,Claude,https://acnhcdn.com/latest/NpcIcon/rbt11.png,https://acnhcdn.com/latest/NpcBromide/NpcNmlRbt11.png,Rabbit,Male,Lazy,A,Nature,12/3,hopalong,Pondering,Don't judge a rabbit by its ears.,#fffce9,#d86808
93,Claudia,https://acnhcdn.com/latest/NpcIcon/tig05.png,https://acnhcdn.com/latest/NpcBromide/NpcNmlTig05.png,Tiger,Female,Snooty,A,Music,11/22,ooh la la,K.K. Synth,A tiger can't change its stripes.,#fffce9,#ec7efc
94,Clay,https://acnhcdn.com/latest/NpcIcon/ham05.png,https://acnhcdn.com/latest/NpcBromide/NpcNmlHam05.png,Hamster,Male,Lazy,A,Nature,10/19,thump,K.K. Safari,Life is just a bowl of cherries.,#fffce9,#7a2500
95,Cleo,https://acnhcdn.com/latest/NpcIcon/hrs07.png,https://acnhcdn.com/latest/NpcBromide/NpcNmlHrs07.png,Horse,Female,Snooty,A,Education,2/9,sugar,K.K. Fusion,There's something lovable in all of us.,#fffce9,#a06fce
96,Clyde,https://acnhcdn.com/latest/NpcIcon/hrs10.png,https://acnhcdn.com/latest/NpcBromide/NpcNmlHrs10.png,Horse,Male,Lazy,B,Play,5/1,clip clawp,Neapolitan,The grass is always greener.,#8b5f57,#d8cc39
97,Coach,https://acnhcdn.com/latest/NpcIcon/bul07.png,https://acnhcdn.com/latest/NpcBromide/NpcNmlBul07.png,Bull,Male,Jock,A,Fitness,4/29,stubble,Mr. K.K.,"Fool me once, shame on you. Fool me twice, shame on me.",#9b553a,#ffd00d
98,Cobb,https://acnhcdn.com/latest/NpcIcon/pig08.png,https://acnhcdn.com/latest/NpcBromide/NpcNmlPig08.png,Pig,Male,Jock,B,Education,10/7,hot dog,Pondering,Might makes right.,#878e86,#a8e989
99,Coco,https://acnhcdn.com/latest/NpcIcon/rbt02.png,https://acnhcdn.com/latest/NpcBromide/NpcNmlRbt02.png,Rabbit,Female,Normal,B,Education,3/1,doyoing,K.K. Jongara,Don't put off till tomorrow what you can do today.,#fffce9,#e4b887
100,Cole,https://acnhcdn.com/latest/NpcIcon/rbt18.png,https://acnhcdn.com/latest/NpcBromide/NpcNmlRbt18.png,Rabbit,Male,Lazy,A,Nature,8/10,coooooool,K.K. Faire,Little pitchers have big ears.,#fffce9,#515151
101,Colton,https://acnhcdn.com/latest/NpcIcon/hrs11.png,https://acnhcdn.com/latest/NpcBromide/NpcNmlHrs11.png,Horse,Male,Smug,A,Nature,5/22,check it,K.K. Chorale,Make hay while the sun shines.,#848484,#ffffff
102,Cookie,https://acnhcdn.com/latest/NpcIcon/dog08.png,https://acnhcdn.com/latest/NpcBromide/NpcNmlDog08.png,Dog,Female,Peppy,B,Fashion,6/18,arfer,Bubblegum K.K.,Don't lose sight of what you're really after.,#fffce9,#f993ce
103,Cousteau,https://acnhcdn.com/latest/NpcIcon/flg10.png,https://acnhcdn.com/latest/NpcBromide/NpcNmlFlg10.png,Frog,Male,Jock,B,Fitness,12/17,oui oui,Imperial K.K.,"Jump first, ask questions later.",#9b553a,#ffd00d
104,Cranston,https://acnhcdn.com/latest/NpcIcon/ost06.png,https://acnhcdn.com/latest/NpcBromide/NpcNmlOst06.png,Ostrich,Male,Lazy,A,Nature,9/23,sweatband,K.K. Faire,Hard work beats talent.,#848484,#ffffff
105,Croque,https://acnhcdn.com/latest/NpcIcon/flg17.png,https://acnhcdn.com/latest/NpcBromide/NpcNmlFlg17.png,Frog,Male,Cranky,A,Nature,7/18,as if,K.K. Folk,"Where there's smoke, there's fire.",#fff2bb,#ff791f
106,Cube,https://acnhcdn.com/latest/NpcIcon/pgn02.png,https://acnhcdn.com/latest/NpcBromide/NpcNmlPgn02.png,Penguin,Male,Lazy,B,Play,1/29,brainfreeze,Farewell,Sometimes you gotta learn to chill.,#fffce9,#515151
107,Curlos,https://acnhcdn.com/latest/NpcIcon/shp08.png,https://acnhcdn.com/latest/NpcBromide/NpcNmlShp08.png,Sheep,Male,Smug,B,Nature,5/8,shearly,K.K. Salsa,"If you want to know yourself better, ask your neighbors.",#9b553a,#ffd00d
108,Curly,https://acnhcdn.com/latest/NpcIcon/pig00.png,https://acnhcdn.com/latest/NpcBromide/NpcNmlPig00.png,Pig,Male,Jock,B,Fitness,7/26,nyoink,K.K. Reggae,Get fired up!,#fffce9,#f993ce
109,Curt,https://acnhcdn.com/latest/NpcIcon/bea02.png,https://acnhcdn.com/latest/NpcBromide/NpcNmlBea02.png,Bear,Male,Cranky,A,Nature,7/1,fuzzball,Comrade K.K.,A Bell saved is a Bell earned.,#fffce9,#515151
110,Cyd,https://acnhcdn.com/latest/NpcIcon/elp12.png,https://acnhcdn.com/latest/NpcBromide/NpcNmlElp12.png,Elephant,Male,Cranky,A,Music,6/9,rockin',K.K. Metal,"Do what you want, but do it loud!",#fffad4,#ff4040
111,Cyrano,https://acnhcdn.com/latest/NpcIcon/ant00.png,https://acnhcdn.com/latest/NpcBromide/NpcNmlAnt00.png,Anteater,Male,Cranky,B,Education,3/9,ah-CHOO,K.K. Lament,Don't punch your nose to spite your face.,#fffad4,#194c89
112,Daisy,https://acnhcdn.com/latest/NpcIcon/dog07.png,https://acnhcdn.com/latest/NpcBromide/NpcNmlDog07.png,Dog,Female,Normal,B,Education,11/16,bow-WOW,Forest Life,It's not always a dog-eat-dog world.,#879b96,#fff98f
113,Deena,https://acnhcdn.com/latest/NpcIcon/duk04.png,https://acnhcdn.com/latest/NpcBromide/NpcNmlDuk04.png,Duck,Female,Normal,B,Education,6/27,woowoo,Mr. K.K.,Duck...duck...GOOSE!,#fffad4,#798040
114,Deirdre,https://acnhcdn.com/latest/NpcIcon/der04.png,https://acnhcdn.com/latest/NpcBromide/NpcNmlDer04.png,Deer,Female,Big Sister,A,Play,5/4,whatevs,K.K. Bossa,"Legs of an antelope, heart of an eagle.",#4b4496,#ddcdca
115,Del,https://acnhcdn.com/latest/NpcIcon/crd04.png,https://acnhcdn.com/latest/NpcBromide/NpcNmlCrd04.png,Alligator,Male,Cranky,B,Fitness,5/27,gronk,Pondering,The hero is brave in deeds as well as words.,#9ae8df,#6b75ce
116,Deli,https://acnhcdn.com/latest/NpcIcon/mnk08.png,https://acnhcdn.com/latest/NpcBromide/NpcNmlMnk08.png,Monkey,Male,Lazy,A,Nature,5/24,monch,K.K. Étude,"Righty tighty, lefty loosey.",#fffce9,#c0ab72
117,Derwin,https://acnhcdn.com/latest/NpcIcon/duk08.png,https://acnhcdn.com/latest/NpcBromide/NpcNmlDuk08.png,Duck,Male,Lazy,B,Play,5/25,derrrr,K.K. Stroll,Everything in moderation. Except for snacks.,#fffce9,#0961f6
118,Diana,https://acnhcdn.com/latest/NpcIcon/der08.png,https://acnhcdn.com/latest/NpcBromide/NpcNmlDer08.png,Deer,Female,Snooty,A,Education,1/4,no doy,Farewell,Sometimes you have to lose to win.,#725661,#ffebff
119,Diva,https://acnhcdn.com/latest/NpcIcon/flg18.png,https://acnhcdn.com/latest/NpcBromide/NpcNmlFlg18.png,Frog,Female,Big Sister,A,Fitness,10/2,ya know,K.K. Oasis,Eyes are the windows to the soul.,#fffce9,#a06fce
120,Dizzy,https://acnhcdn.com/latest/NpcIcon/elp01.png,https://acnhcdn.com/latest/NpcBromide/NpcNmlElp01.png,Elephant,Male,Lazy,B,Play,7/14,woo-oo,Two Days Ago,Keep it mellow.,#fffce9,#7fa9ff
121,Dobie,https://acnhcdn.com/latest/NpcIcon/wol04.png,https://acnhcdn.com/latest/NpcBromide/NpcNmlWol04.png,Wolf,Male,Cranky,A,Nature,2/17,ohmmm,Agent K.K.,Old longings never truly fade.,#fffad4,#798040
122,Doc,https://acnhcdn.com/latest/NpcIcon/rbt10.png,https://acnhcdn.com/latest/NpcBromide/NpcNmlRbt10.png,Rabbit,Male,Lazy,B,Education,3/16,old bunny,Pondering,One cannot live on carrots alone.,#fffce9,#0961f6
123,Dom,https://acnhcdn.com/latest/NpcIcon/shp15.png,https://acnhcdn.com/latest/NpcBromide/NpcNmlShp15.png,Sheep,Male,Jock,A,Play,3/18,indeedaroo,K.K. Country,Be true to your most shiny self.,#97858e,#feeae7
124,Dora,https://acnhcdn.com/latest/NpcIcon/mus00.png,https://acnhcdn.com/latest/NpcBromide/NpcNmlMus00.png,Mouse,Female,Normal,B,Education,2/18,squeaky,K.K. Faire,The squeaky wheel gets the cheese.,#848484,#ffffff
125,Dotty,https://acnhcdn.com/latest/NpcIcon/rbt01.png,https://acnhcdn.com/latest/NpcBromide/NpcNmlRbt01.png,Rabbit,Female,Peppy,B,Fashion,3/14,wee one,Drivin',It's always a good hare day.,#848484,#ffffff
126,Drago,https://acnhcdn.com/latest/NpcIcon/crd08.png,https://acnhcdn.com/latest/NpcBromide/NpcNmlCrd08.png,Alligator,Male,Lazy,A,Nature,2/12,burrrn,Imperial K.K.,There is no room for two dragons in one pond.,#28665a,#78dd62
127,Drake,https://acnhcdn.com/latest/NpcIcon/duk09.png,https://acnhcdn.com/latest/NpcBromide/NpcNmlDuk09.png,Duck,Male,Lazy,B,Play,6/25,quacko,K.K. Blues,...Quack.,#fffce9,#459aba
128,Drift,https://acnhcdn.com/latest/NpcIcon/flg04.png,https://acnhcdn.com/latest/NpcBromide/NpcNmlFlg04.png,Frog,Male,Jock,B,Fitness,10/9,dribbit,K.K. Metal,Always go for the gold!,#fff2bb,#ff791f
129,Ed,https://acnhcdn.com/latest/NpcIcon/hrs06.png,https://acnhcdn.com/latest/NpcBromide/NpcNmlHrs06.png,Horse,Male,Smug,B,Nature,9/16,greenhorn,K.K. Ballad,Beauty is pretty!,#fffce9,#55cfff
130,Egbert,https://acnhcdn.com/latest/NpcIcon/chn02.png,https://acnhcdn.com/latest/NpcBromide/NpcNmlChn02.png,Chicken,Male,Lazy,B,Play,10/14,doodle-duh,Lucky K.K.,You gotta break a few eggs to make an omelet.,#9b553a,#ffd00d
131,Elise,https://acnhcdn.com/latest/NpcIcon/mnk05.png,https://acnhcdn.com/latest/NpcBromide/NpcNmlMnk05.png,Monkey,Female,Snooty,B,Fashion,3/21,puh-lease,K.K. Bossa,"Do as I say, not as I do.",#8b5f57,#d8cc39
132,Ellie,https://acnhcdn.com/latest/NpcIcon/elp07.png,https://acnhcdn.com/latest/NpcBromide/NpcNmlElp07.png,Elephant,Female,Normal,A,Nature,5/12,li'l one,K.K. Ballad,You need the sour to highlight the sweet.,#fffce9,#c0ab72
133,Elmer,https://acnhcdn.com/latest/NpcIcon/hrs03.png,https://acnhcdn.com/latest/NpcBromide/NpcNmlHrs03.png,Horse,Male,Lazy,B,Play,10/5,tenderfoot,K.K. Country,"The horse doesn't pull the cart, the oats do.",#fffce9,#d86808
134,Eloise,https://acnhcdn.com/latest/NpcIcon/elp03.png,https://acnhcdn.com/latest/NpcBromide/NpcNmlElp03.png,Elephant,Female,Snooty,B,Fashion,12/8,tooooot,K.K. Soul,An elephant never forgets.,#9b553a,#ffd00d
135,Elvis,https://acnhcdn.com/latest/NpcIcon/lon01.png,https://acnhcdn.com/latest/NpcBromide/NpcNmlLon01.png,Lion,Male,Cranky,B,Education,7/23,unh-hunh,K.K. Casbah,Better a live coward than a forgotten hero.,#9b553a,#ffd00d
136,Erik,https://acnhcdn.com/latest/NpcIcon/der09.png,https://acnhcdn.com/latest/NpcBromide/NpcNmlDer09.png,Deer,Male,Lazy,A,Nature,7/27,chow down,Drivin',"If you're afraid of wolves, don't go to the woods.",#fffce9,#e8b010
137,Étoile,https://acnhcdn.com/latest/NpcIcon/shp14.png,https://acnhcdn.com/latest/NpcBromide/NpcNmlShp14.png,Sheep,Female,Normal,A,Music,12/25,fuzzy,K.K. Lullaby,Who knows what the stars have in store for us?,#ffd7eb,#b99fff
138,Eugene,https://acnhcdn.com/latest/NpcIcon/kal10.png,https://acnhcdn.com/latest/NpcBromide/NpcNmlKal10.png,Koala,Male,Smug,A,Music,10/26,yeah buddy,Agent K.K.,Imitation is the sincerest form of flattery.,#fffce9,#4c3317
139,Eunice,https://acnhcdn.com/latest/NpcIcon/shp02.png,https://acnhcdn.com/latest/NpcBromide/NpcNmlShp02.png,Sheep,Female,Normal,B,Fashion,4/3,lambchop,K.K. Disco,There is a point to every encounter.,#fffad4,#194c89
140,Faith,https://acnhcdn.com/latest/NpcIcon/kal07.png,https://acnhcdn.com/latest/NpcBromide/NpcNmlKal07.png,Koala,Female,Big Sister,B,Music,3/21,aloha,K.K. Slack-Key,Never let your mind be what holds you back.,#fff2bb,#ff791f
141,Fang,https://acnhcdn.com/latest/NpcIcon/wol06.png,https://acnhcdn.com/latest/NpcBromide/NpcNmlWol06.png,Wolf,Male,Cranky,B,Education,12/18,cha-chomp,K.K. Steppe,"You mess with the wolf, you get the fangs.",#4b4496,#ddcdca
142,Fauna,https://acnhcdn.com/latest/NpcIcon/der00.png,https://acnhcdn.com/latest/NpcBromide/NpcNmlDer00.png,Deer,Female,Normal,A,Nature,3/26,dearie,K.K. Stroll,The first step is always the hardest.,#fffce9,#7a2500
143,Felicity,https://acnhcdn.com/latest/NpcIcon/cat17.png,https://acnhcdn.com/latest/NpcBromide/NpcNmlCat17.png,Cat,Female,Peppy,B,Fashion,3/30,mimimi,K.K. Stroll,Love has no bounds.,#879b96,#fff98f
144,Filbert,https://acnhcdn.com/latest/NpcIcon/squ02.png,https://acnhcdn.com/latest/NpcBromide/NpcNmlSqu02.png,Squirrel,Male,Lazy,A,Nature,6/3,bucko,Stale Cupcakes,Don't go nuts or anything.,#fffce9,#55cfff
145,Flip,https://acnhcdn.com/latest/NpcIcon/mnk06.png,https://acnhcdn.com/latest/NpcBromide/NpcNmlMnk06.png,Monkey,Male,Jock,A,Music,11/21,rerack,K.K. Rally,"See no donut, hear no donut, speak no donut.",#fff2bb,#ff791f
146,Flo,https://acnhcdn.com/latest/NpcIcon/pgn13.png,https://acnhcdn.com/latest/NpcBromide/NpcNmlPgn13.png,Penguin,Female,Big Sister,A,Music,9/2,cha,Space K.K.,Always keep a straight face.,#9ae8df,#6b75ce
147,Flora,https://acnhcdn.com/latest/NpcIcon/ost09.png,https://acnhcdn.com/latest/NpcBromide/NpcNmlOst09.png,Ostrich,Female,Peppy,A,Play,2/9,pinky,K.K. Condor,Pink is the new black.,#fffce9,#ff6183
148,Flurry,https://acnhcdn.com/latest/NpcIcon/ham06.png,https://acnhcdn.com/latest/NpcBromide/NpcNmlHam06.png,Hamster,Female,Normal,A,Nature,1/30,powderpuff,Hypno K.K.,"Squeak your mind, even if your voice shakes.",#848484,#ffffff
149,Francine,https://acnhcdn.com/latest/NpcIcon/rbt12.png,https://acnhcdn.com/latest/NpcBromide/NpcNmlRbt12.png,Rabbit,Female,Snooty,B,Fashion,1/22,karat,K.K. Cruisin',You can't have wise folks if you don't have fools too.,#fffce9,#3fd8e0
150,Frank,https://acnhcdn.com/latest/NpcIcon/pbr06.png,https://acnhcdn.com/latest/NpcBromide/NpcNmlPbr06.png,Eagle,Male,Cranky,B,Education,7/30,crushy,K.K. Casbah,Today is the last day of the rest of your life.,#28665a,#78dd62
151,Freckles,https://acnhcdn.com/latest/NpcIcon/duk07.png,https://acnhcdn.com/latest/NpcBromide/NpcNmlDuk07.png,Duck,Female,Peppy,B,Fashion,2/19,ducky,Marine Song 2001,Act now before you change your mind!,#fffce9,#ff6183
152,Frett,https://acnhcdn.com/latest/NpcIcon/dog11.png,https://acnhcdn.com/latest/NpcBromide/NpcNmlDog11.png,Dog,Male,Cranky,B,Music,10/30,goshers,Comrade K.K.,I'm in the prime of my life.,#9b8986,#fff80d
153,Freya,https://acnhcdn.com/latest/NpcIcon/wol05.png,https://acnhcdn.com/latest/NpcBromide/NpcNmlWol05.png,Wolf,Female,Snooty,B,Fashion,12/14,uff da,Lucky K.K.,Don't stray too far from the pack.,#fffce9,#ff6183
154,Friga,https://acnhcdn.com/latest/NpcIcon/pgn04.png,https://acnhcdn.com/latest/NpcBromide/NpcNmlPgn04.png,Penguin,Female,Snooty,B,Fashion,10/16,brrrmph,Farewell,You can't learn a life lesson from a fortune cookie.,#634b4b,#f2bdc7
155,Frita,https://acnhcdn.com/latest/NpcIcon/shp11.png,https://acnhcdn.com/latest/NpcBromide/NpcNmlShp11.png,Sheep,Female,Big Sister,A,Music,7/16,oh ewe,K.K. Rockabilly,Don't sweat the small potatoes.,#874c25,#ffaa3b
156,Frobert,https://acnhcdn.com/latest/NpcIcon/flg02.png,https://acnhcdn.com/latest/NpcBromide/NpcNmlFlg02.png,Frog,Male,Jock,B,Fitness,2/8,fribbit,K.K. Ragtime,Always aim high!,#219479,#87e0a9
157,Fuchsia,https://acnhcdn.com/latest/NpcIcon/der06.png,https://acnhcdn.com/latest/NpcBromide/NpcNmlDer06.png,Deer,Female,Big Sister,A,Music,9/19,precious,K.K. Rock,It takes one to know one.,#fffce9,#f993ce
158,Gabi,https://acnhcdn.com/latest/NpcIcon/rbt05.png,https://acnhcdn.com/latest/NpcBromide/NpcNmlRbt05.png,Rabbit,Female,Peppy,B,Fashion,12/16,honeybun,Neapolitan,The more the merrier.,#848484,#ffffff
159,Gala,https://acnhcdn.com/latest/NpcIcon/pig13.png,https://acnhcdn.com/latest/NpcBromide/NpcNmlPig13.png,Pig,Female,Normal,B,Education,3/5,snortie,Animal City,Still waters run deep.,#97858e,#feeae7
160,Gaston,https://acnhcdn.com/latest/NpcIcon/rbt04.png,https://acnhcdn.com/latest/NpcBromide/NpcNmlRbt04.png,Rabbit,Male,Cranky,B,Education,10/28,mon chou,K.K. Song,An ear for an ear makes it hard to hear.,#9b553a,#ffd00d
161,Gayle,https://acnhcdn.com/latest/NpcIcon/crd07.png,https://acnhcdn.com/latest/NpcBromide/NpcNmlCrd07.png,Alligator,Female,Normal,A,Nature,5/17,snacky,Bubblegum K.K.,An ounce of prevention is worth a pound of cure.,#fffce9,#f993ce
162,Genji,https://acnhcdn.com/latest/NpcIcon/rbt08.png,https://acnhcdn.com/latest/NpcBromide/NpcNmlRbt08.png,Rabbit,Male,Jock,B,Fitness,1/21,mochi,King K.K.,"Fall down seven times, get up eight.",#848484,#ffffff
163,Gigi,https://acnhcdn.com/latest/NpcIcon/flg16.png,https://acnhcdn.com/latest/NpcBromide/NpcNmlFlg16.png,Frog,Female,Snooty,B,Fashion,8/11,ribbette,K.K. Swing,Look at the world through rose-colored glasses.,#fffce9,#a06fce
164,Gladys,https://acnhcdn.com/latest/NpcIcon/ost01.png,https://acnhcdn.com/latest/NpcBromide/NpcNmlOst01.png,Ostrich,Female,Normal,B,Education,1/15,stretch,K.K. Folk,Smiles are free.,#848484,#ffffff
165,Gloria,https://acnhcdn.com/latest/NpcIcon/duk15.png,https://acnhcdn.com/latest/NpcBromide/NpcNmlDuk15.png,Duck,Female,Snooty,B,Fashion,8/12,quacker,Animal City,Time is money.,#848484,#ffffff
166,Goldie,https://acnhcdn.com/latest/NpcIcon/dog00.png,https://acnhcdn.com/latest/NpcBromide/NpcNmlDog00.png,Dog,Female,Normal,B,Nature,12/27,woof,K.K. Bossa,A little bit of happiness is better than a lot of anguish.,#879b96,#fff98f
167,Gonzo,https://acnhcdn.com/latest/NpcIcon/kal04.png,https://acnhcdn.com/latest/NpcBromide/NpcNmlKal04.png,Koala,Male,Cranky,A,Nature,10/13,mate,Surfin' K.K.,"Brothers are brothers, cheese is cheese.",#5e5e5e,#bfbfbf
168,Goose,https://acnhcdn.com/latest/NpcIcon/chn00.png,https://acnhcdn.com/latest/NpcBromide/NpcNmlChn00.png,Chicken,Male,Jock,B,Fitness,10/4,buh-kay,K.K. Country,Birds of a feather crow together.,#848484,#ffffff
169,Graham,https://acnhcdn.com/latest/NpcIcon/ham02.png,https://acnhcdn.com/latest/NpcBromide/NpcNmlHam02.png,Hamster,Male,Smug,A,Education,6/20,indeed,Bubblegum K.K.,Knowledge is power.,#9b553a,#ffd00d
170,Greta,https://acnhcdn.com/latest/NpcIcon/mus16.png,https://acnhcdn.com/latest/NpcBromide/NpcNmlMus16.png,Mouse,Female,Snooty,A,Education,9/5,yelp,Comrade K.K.,The world is a stage.,#848484,#ffffff
171,Grizzly,https://acnhcdn.com/latest/NpcIcon/bea09.png,https://acnhcdn.com/latest/NpcBromide/NpcNmlBea09.png,Bear,Male,Cranky,B,Education,7/31,grrr,K.K. Condor,Those who live in glass houses shouldn't throw stones.,#eac113,#7c6559
172,Groucho,https://acnhcdn.com/latest/NpcIcon/bea06.png,https://acnhcdn.com/latest/NpcBromide/NpcNmlBea06.png,Bear,Male,Cranky,B,Music,10/23,grumble,K.K. Metal,Rocky road is more than just a flavor of ice cream.,#fffad4,#194c89
173,Gruff,https://acnhcdn.com/latest/NpcIcon/goa04.png,https://acnhcdn.com/latest/NpcBromide/NpcNmlGoa04.png,Goat,Male,Cranky,B,Music,8/29,bleh eh eh,K.K. Rockabilly,Don't burn bridges.,#28665a,#78dd62
174,Gwen,https://acnhcdn.com/latest/NpcIcon/pgn05.png,https://acnhcdn.com/latest/NpcBromide/NpcNmlPgn05.png,Penguin,Female,Snooty,B,Fashion,1/23,h-h-h-hon,Drivin',"Mind your manners, or someone else will.",#fffce9,#7352e8
175,Hamlet,https://acnhcdn.com/latest/NpcIcon/ham00.png,https://acnhcdn.com/latest/NpcBromide/NpcNmlHam00.png,Hamster,Male,Jock,A,Play,5/30,hammie,K.K. Reggae,The ear's the thing.,#9b553a,#ffd00d
176,Hamphrey,https://acnhcdn.com/latest/NpcIcon/ham07.png,https://acnhcdn.com/latest/NpcBromide/NpcNmlHam07.png,Hamster,Male,Cranky,A,Nature,2/25,snort,Comrade K.K.,Children should be seen and not heard.,#fffce9,#515151
177,Hans,https://acnhcdn.com/latest/NpcIcon/gor10.png,https://acnhcdn.com/latest/NpcBromide/NpcNmlGor10.png,Gorilla,Male,Smug,A,Fitness,12/5,groovy,K.K. Sonata,One good turn deserves another.,#848484,#ffffff
178,Harry,https://acnhcdn.com/latest/NpcIcon/hip08.png,https://acnhcdn.com/latest/NpcBromide/NpcNmlHip08.png,Hippo,Male,Cranky,B,Education,1/7,beach bum,K.K. Rally,Patience is a virtue for folks with time.,#fffce9,#e8b010
179,Hazel,https://acnhcdn.com/latest/NpcIcon/squ18.png,https://acnhcdn.com/latest/NpcBromide/NpcNmlSqu18.png,Squirrel,Female,Big Sister,A,Play,8/30,uni-wow,DJ K.K.,Never say never!,#874c25,#ffaa3b
180,Henry,https://acnhcdn.com/latest/NpcIcon/flg19.png,https://acnhcdn.com/latest/NpcBromide/NpcNmlFlg19.png,Frog,Male,Smug,A,Music,9/21,snoozit,K.K. Soul,The way to a frog's heart is through his stomach.,#28665a,#78dd62
181,Hippeux,https://acnhcdn.com/latest/NpcIcon/hip09.png,https://acnhcdn.com/latest/NpcBromide/NpcNmlHip09.png,Hippo,Male,Smug,A,Education,10/15,natch,K.K. Sonata,Mottoes are for the unoriginal.,#8b5f57,#d8cc39
182,Hopkins,https://acnhcdn.com/latest/NpcIcon/rbt14.png,https://acnhcdn.com/latest/NpcBromide/NpcNmlRbt14.png,Rabbit,Male,Lazy,A,Nature,3/11,thumper,Pondering,A wise mammal gives danger a wide berth.,#fffce9,#55cfff
183,Hopper,https://acnhcdn.com/latest/NpcIcon/pgn03.png,https://acnhcdn.com/latest/NpcBromide/NpcNmlPgn03.png,Penguin,Male,Cranky,B,Music,4/6,slushie,Comrade K.K.,Always have a comeback.,#fffce9,#515151
184,Hornsby,https://acnhcdn.com/latest/NpcIcon/rhn04.png,https://acnhcdn.com/latest/NpcBromide/NpcNmlRhn04.png,Rhinoceros,Male,Lazy,A,Nature,3/20,schnozzle,K.K. Lament,You can't hit a mosquito with a horseshoe.,#fffce9,#0961f6
185,Huck,https://acnhcdn.com/latest/NpcIcon/flg11.png,https://acnhcdn.com/latest/NpcBromide/NpcNmlFlg11.png,Frog,Male,Smug,A,Fitness,7/9,hopper,To the Edge,Cold coffee makes for a cold demeanor.,#fffce9,#515151
186,Hugh,https://acnhcdn.com/latest/NpcIcon/pig03.png,https://acnhcdn.com/latest/NpcBromide/NpcNmlPig03.png,Pig,Male,Lazy,B,Play,12/30,snortle,My Place,Keep it real. Real chill.,#fffce9,#0961f6
187,Iggly,https://acnhcdn.com/latest/NpcIcon/pgn11.png,https://acnhcdn.com/latest/NpcBromide/NpcNmlPgn11.png,Penguin,Male,Jock,B,Fitness,11/2,waddler,I Love You,"Six of one, half dozen of the other.",#848484,#ffffff
188,Ike,https://acnhcdn.com/latest/NpcIcon/bea11.png,https://acnhcdn.com/latest/NpcBromide/NpcNmlBea11.png,Bear,Male,Cranky,A,Nature,5/16,roadie,K.K. Rock,"The higher you climb, the smaller things look.",#fffce9,#4c3317
189,Ione,https://acnhcdn.com/latest/NpcIcon/squ21.png,https://acnhcdn.com/latest/NpcBromide/NpcNmlSqu21.png,Squirrel,Female,Normal,B,Fashion,9/11,gleam,Chillwave,I was born under a lucky star.,#fffad4,#8bcdea
190,Jacob,https://acnhcdn.com/latest/NpcIcon/brd11.png,https://acnhcdn.com/latest/NpcBromide/NpcNmlBrd11.png,Bird,Male,Lazy,A,Nature,8/24,ya feel,K.K. Song,Your greatest strength can be your greatest weakness.,#848484,#ffffff
191,Jacques,https://acnhcdn.com/latest/NpcIcon/brd16.png,https://acnhcdn.com/latest/NpcBromide/NpcNmlBrd16.png,Bird,Male,Smug,A,Music,6/22,zut alors,K.K. Technopop,Better to have loved and squawked than to have never loved at all.,#fffad4,#194c89
192,Jambette,https://acnhcdn.com/latest/NpcIcon/flg13.png,https://acnhcdn.com/latest/NpcBromide/NpcNmlFlg13.png,Frog,Female,Normal,B,Fashion,10/27,croak-kay,K.K. Cruisin',It takes more muscles to frown than smile.,#fffce9,#0ca54a
193,Jay,https://acnhcdn.com/latest/NpcIcon/brd00.png,https://acnhcdn.com/latest/NpcBromide/NpcNmlBrd00.png,Bird,Male,Jock,B,Fitness,7/17,heeeeeyy,K.K. Country,He who hesitates has lost.,#9ae8df,#6b75ce
194,Jeremiah,https://acnhcdn.com/latest/NpcIcon/flg07.png,https://acnhcdn.com/latest/NpcBromide/NpcNmlFlg07.png,Frog,Male,Lazy,B,Play,7/8,nee-deep,Hypno K.K.,Sleep before you leap.,#fffce9,#55cfff
195,Jitters,https://acnhcdn.com/latest/NpcIcon/brd04.png,https://acnhcdn.com/latest/NpcBromide/NpcNmlBrd04.png,Bird,Male,Jock,B,Fitness,2/2,bzzert,K.K. Adventure,"When you're a team of one, you're always captain!",#28665a,#78dd62
196,Joey,https://acnhcdn.com/latest/NpcIcon/duk01.png,https://acnhcdn.com/latest/NpcBromide/NpcNmlDuk01.png,Duck,Male,Lazy,B,Play,1/3,bleeeeeck,Marine Song 2001,Don't get your feathers all ruffled. Just chill.,#9b553a,#ffd00d
197,Judy,https://acnhcdn.com/latest/NpcIcon/cbr19.png,https://acnhcdn.com/latest/NpcBromide/NpcNmlCbr19.png,Bear cub,Female,Snooty,A,Music,3/10,myohmy,K.K. Lullaby,I'm dancing my dreams away.,#725661,#ffebff
198,Julia,https://acnhcdn.com/latest/NpcIcon/ost05.png,https://acnhcdn.com/latest/NpcBromide/NpcNmlOst05.png,Ostrich,Female,Snooty,A,Education,7/31,dahling,K.K. Sonata,"Cut once, measure twice... Wait— reverse that.",#fffce9,#0ca54a
199,Julian,https://acnhcdn.com/latest/NpcIcon/hrs13.png,https://acnhcdn.com/latest/NpcBromide/NpcNmlHrs13.png,Horse,Male,Smug,A,Music,3/15,glitter,Space K.K.,Never trot when you can prance.,#fffce9,#3fd8e0
200,June,https://acnhcdn.com/latest/NpcIcon/cbr13.png,https://acnhcdn.com/latest/NpcBromide/NpcNmlCbr13.png,Bear cub,Female,Normal,A,Nature,5/21,rainbow,K.K. Island,"Dream big, expect little.",#fffce9,#c0ab72
201,Kabuki,https://acnhcdn.com/latest/NpcIcon/cat09.png,https://acnhcdn.com/latest/NpcBromide/NpcNmlCat09.png,Cat,Male,Cranky,B,Music,11/29,meooo-OH,K.K. Jongara,"If you make your opponent flinch, you have already won.",#848484,#ffffff
202,Katt,https://acnhcdn.com/latest/NpcIcon/cat21.png,https://acnhcdn.com/latest/NpcBromide/NpcNmlCat21.png,Cat,Female,Big Sister,A,Music,4/27,purrty,K.K. Disco,MeowMEOWmeow!,#fffce9,#a87850
203,Keaton,https://acnhcdn.com/latest/NpcIcon/pbr08.png,https://acnhcdn.com/latest/NpcBromide/NpcNmlPbr08.png,Eagle,Male,Smug,A,Music,6/1,wingo,Drivin',"Even in a room full of fools, someone is the smartest.",#fffce9,#3fd8e0
204,Ken,https://acnhcdn.com/latest/NpcIcon/chn13.png,https://acnhcdn.com/latest/NpcBromide/NpcNmlChn13.png,Chicken,Male,Smug,A,Education,12/23,no doubt,K.K. Rally,C'est la vie!,#9ae8df,#6b75ce
205,Ketchup,https://acnhcdn.com/latest/NpcIcon/duk13.png,https://acnhcdn.com/latest/NpcBromide/NpcNmlDuk13.png,Duck,Female,Peppy,A,Play,7/27,bitty,Neapolitan,"When in doubt, eat a tomato!",#fffad4,#ff4040
206,Kevin,https://acnhcdn.com/latest/NpcIcon/pig15.png,https://acnhcdn.com/latest/NpcBromide/NpcNmlPig15.png,Pig,Male,Jock,A,Play,4/26,weeweewee,K.K. Rockabilly,Sometimes it's OK to get dirty.,#874c25,#ffaa3b
207,Kid Cat,https://acnhcdn.com/latest/NpcIcon/cat10.png,https://acnhcdn.com/latest/NpcBromide/NpcNmlCat10.png,Cat,Male,Jock,B,Fitness,8/1,psst,Go K.K. Rider,Crime doesn't pay!,#fffad4,#ff4040
208,Kidd,https://acnhcdn.com/latest/NpcIcon/goa07.png,https://acnhcdn.com/latest/NpcBromide/NpcNmlGoa07.png,Goat,Male,Smug,B,Education,6/28,wut,K.K. Tango,"Be yourself, everyone else is already taken.",#4f5d72,#d9d9ff
209,Kiki,https://acnhcdn.com/latest/NpcIcon/cat04.png,https://acnhcdn.com/latest/NpcBromide/NpcNmlCat04.png,Cat,Female,Normal,B,Education,10/8,kitty cat,Only Me,"Nothing ventured, nothing gained.",#fffce9,#515151
210,Kitt,https://acnhcdn.com/latest/NpcIcon/kgr00.png,https://acnhcdn.com/latest/NpcBromide/NpcNmlKgr00.png,Kangaroo,Female,Normal,B,Education,10/11,child,Stale Cupcakes,Funny parents have funny kids.,#fffce9,#c0ab72
211,Kitty,https://acnhcdn.com/latest/NpcIcon/cat14.png,https://acnhcdn.com/latest/NpcBromide/NpcNmlCat14.png,Cat,Female,Snooty,B,Fashion,2/15,mrowrr,K.K. Chorale,"If you want something done well, do it yourself.",#fffce9,#c0ab72
212,Klaus,https://acnhcdn.com/latest/NpcIcon/bea14.png,https://acnhcdn.com/latest/NpcBromide/NpcNmlBea14.png,Bear,Male,Smug,A,Education,3/31,strudel,K.K. Sonata,Pride goes before a fall.,#498992,#acc8cf
213,Knox,https://acnhcdn.com/latest/NpcIcon/chn11.png,https://acnhcdn.com/latest/NpcBromide/NpcNmlChn11.png,Chicken,Male,Cranky,B,Education,11/23,cluckling,K.K. Chorale,A chicken's coop is its castle.,#8b5f57,#d8cc39
214,Kody,https://acnhcdn.com/latest/NpcIcon/cbr04.png,https://acnhcdn.com/latest/NpcBromide/NpcNmlCbr04.png,Bear cub,Male,Jock,B,Fitness,9/28,grah grah,My Place,The sky's the limit!,#fffce9,#55cfff
215,Kyle,https://acnhcdn.com/latest/NpcIcon/wol10.png,https://acnhcdn.com/latest/NpcBromide/NpcNmlWol10.png,Wolf,Male,Smug,A,Music,12/6,alpha,K.K. Metal,Never trust a sheep in wolf's clothing.,#fffce9,#e8b010
216,Leonardo,https://acnhcdn.com/latest/NpcIcon/tig04.png,https://acnhcdn.com/latest/NpcBromide/NpcNmlTig04.png,Tiger,Male,Jock,B,Fitness,5/15,flexin',K.K. Metal,That's the way the energy bar crumbles.,#9b553a,#ffd00d
217,Leopold,https://acnhcdn.com/latest/NpcIcon/lon04.png,https://acnhcdn.com/latest/NpcBromide/NpcNmlLon04.png,Lion,Male,Smug,A,Education,8/14,lion cub,Mr. K.K.,"The bigger the fish, the bigger your dinner.",#fffce9,#e4b887
218,Lily,https://acnhcdn.com/latest/NpcIcon/flg00.png,https://acnhcdn.com/latest/NpcBromide/NpcNmlFlg00.png,Frog,Female,Normal,B,Education,2/4,toady,Farewell,Don't jump to conclusions!,#fffce9,#00d1bd
219,Limberg,https://acnhcdn.com/latest/NpcIcon/mus01.png,https://acnhcdn.com/latest/NpcBromide/NpcNmlMus01.png,Mouse,Male,Cranky,B,Education,10/17,squinky,K.K. Folk,Don't build a better mousetrap.,#874c25,#ffaa3b
220,Lionel,https://acnhcdn.com/latest/NpcIcon/lon08.png,https://acnhcdn.com/latest/NpcBromide/NpcNmlLon08.png,Lion,Male,Smug,A,Music,7/29,precisely,K.K. Moody,Love is blind.,#fffce9,#e4b887
221,Lobo,https://acnhcdn.com/latest/NpcIcon/wol01.png,https://acnhcdn.com/latest/NpcBromide/NpcNmlWol01.png,Wolf,Male,Cranky,B,Education,11/5,ah-rooooo,K.K. Rock,"If it's not one thing, it's another.",#fffce9,#7352e8
222,Lolly,https://acnhcdn.com/latest/NpcIcon/cat18.png,https://acnhcdn.com/latest/NpcBromide/NpcNmlCat18.png,Cat,Female,Normal,B,Music,3/27,bonbon,Forest Life,Laughter is the best medicine.,#85a2af,#bff2ff
223,Lopez,https://acnhcdn.com/latest/NpcIcon/der05.png,https://acnhcdn.com/latest/NpcBromide/NpcNmlDer05.png,Deer,Male,Smug,A,Education,8/20,badoom,K.K. Jazz,Always look both ways before crossing the street.,#fffce9,#e8b010
224,Louie,https://acnhcdn.com/latest/NpcIcon/gor04.png,https://acnhcdn.com/latest/NpcBromide/NpcNmlGor04.png,Gorilla,Male,Jock,A,Fitness,3/26,hoo hoo ha,K.K. Fusion,It's all about the muscle.,#fffce9,#d86808
225,Lucha,https://acnhcdn.com/latest/NpcIcon/brd15.png,https://acnhcdn.com/latest/NpcBromide/NpcNmlBrd15.png,Bird,Male,Smug,A,Fitness,12/12,cacaw,K.K. Western,"Birds of a feather, et cetera, et cetera...",#fffad4,#ff4040
226,Lucky,https://acnhcdn.com/latest/NpcIcon/dog02.png,https://acnhcdn.com/latest/NpcBromide/NpcNmlDog02.png,Dog,Male,Lazy,B,Play,11/4,rrr-owch,K.K. Dirge,Don't bite the hand that feeds you.,#848484,#ffffff
227,Lucy,https://acnhcdn.com/latest/NpcIcon/pig04.png,https://acnhcdn.com/latest/NpcBromide/NpcNmlPig04.png,Pig,Female,Normal,B,Music,6/2,snoooink,K.K. Sonata,The best is yet to come.,#848484,#ffffff
228,Lyman,https://acnhcdn.com/latest/NpcIcon/kal09.png,https://acnhcdn.com/latest/NpcBromide/NpcNmlKal09.png,Koala,Male,Jock,A,Play,10/12,chips,K.K. Safari,Eucalyptus is the spice of life.,#878e86,#a8e989
229,Mac,https://acnhcdn.com/latest/NpcIcon/dog14.png,https://acnhcdn.com/latest/NpcBromide/NpcNmlDog14.png,Dog,Male,Jock,B,Fitness,11/11,woo woof,My Place,Sometimes life is rough.,#fffce9,#e8b010
230,Maddie,https://acnhcdn.com/latest/NpcIcon/dog09.png,https://acnhcdn.com/latest/NpcBromide/NpcNmlDog09.png,Dog,Female,Peppy,A,Play,1/11,yippee,K.K. Stroll,The IT revolution is under way.,#fffce9,#e8b010
231,Maelle,https://acnhcdn.com/latest/NpcIcon/duk03.png,https://acnhcdn.com/latest/NpcBromide/NpcNmlDuk03.png,Duck,Female,Snooty,B,Fashion,4/8,duckling,Café K.K.,A wise duck takes care of its bill.,#9b553a,#ffd00d
232,Maggie,https://acnhcdn.com/latest/NpcIcon/pig10.png,https://acnhcdn.com/latest/NpcBromide/NpcNmlPig10.png,Pig,Female,Normal,A,Nature,9/3,schep,Drivin',All a plant needs is love...and sun and water and soil.,#9b553a,#ffd00d
233,Mallary,https://acnhcdn.com/latest/NpcIcon/duk06.png,https://acnhcdn.com/latest/NpcBromide/NpcNmlDuk06.png,Duck,Female,Snooty,B,Fashion,11/17,quackpth,K.K. Bossa,Purple is the color of royalty.,#fffce9,#a06fce
234,Maple,https://acnhcdn.com/latest/NpcIcon/cbr01.png,https://acnhcdn.com/latest/NpcBromide/NpcNmlCbr01.png,Bear cub,Female,Normal,B,Education,6/15,honey,Forest Life,"Waste not, want not.",#fffce9,#a87850
235,Marcel,https://acnhcdn.com/latest/NpcIcon/dog15.png,https://acnhcdn.com/latest/NpcBromide/NpcNmlDog15.png,Dog,Male,Lazy,B,Play,12/31,non,Comrade K.K.,There's not a dog so bad that he won't wag his tail.,#848484,#ffffff
236,Marcie,https://acnhcdn.com/latest/NpcIcon/kgr10.png,https://acnhcdn.com/latest/NpcBromide/NpcNmlKgr10.png,Kangaroo,Female,Normal,A,Nature,5/31,pouches,K.K. Aria,The road to a friend's house is never long.,#fffce9,#f993ce
237,Margie,https://acnhcdn.com/latest/NpcIcon/elp04.png,https://acnhcdn.com/latest/NpcBromide/NpcNmlElp04.png,Elephant,Female,Normal,B,Education,1/28,tootie,K.K. Marathon,Keep your feet on the ground.,#848484,#ffffff
238,Marina,https://acnhcdn.com/latest/NpcIcon/ocp01.png,https://acnhcdn.com/latest/NpcBromide/NpcNmlOcp01.png,Octopus,Female,Normal,B,Music,6/26,blurp,Soulful K.K.,"If you can't say something nice, don't say anything at all.",#fffce9,#f993ce
239,Marlo,https://acnhcdn.com/latest/NpcIcon/ham09.png,https://acnhcdn.com/latest/NpcBromide/NpcNmlHam09.png,Hamster,Male,Cranky,B,Education,6/26,gabeesh,K.K. Break,You gotta walk the walk if you're gonna talk the talk.,#fffce9,#515151
240,Marshal,https://acnhcdn.com/latest/NpcIcon/squ17.png,https://acnhcdn.com/latest/NpcBromide/NpcNmlSqu17.png,Squirrel,Male,Smug,A,Music,9/29,sulky,K.K. Bossa,Seize the day.,#848484,#ffffff
241,Marty,https://acnhcdn.com/latest/NpcIcon/cbr18.png,https://acnhcdn.com/latest/NpcBromide/NpcNmlCbr18.png,Bear cub,Male,Lazy,A,Play,4/16,pompom,My Place,Just wait until I get started!,#9a543a,#f8e880
242,Mathilda,https://acnhcdn.com/latest/NpcIcon/kgr01.png,https://acnhcdn.com/latest/NpcBromide/NpcNmlKgr01.png,Kangaroo,Female,Snooty,B,Fitness,11/12,wee baby,K.K. Chorale,Nail polish is thicker than water.,#fffce9,#515151
243,Megan,https://acnhcdn.com/latest/NpcIcon/bea15.png,https://acnhcdn.com/latest/NpcBromide/NpcNmlBea15.png,Bear,Female,Normal,A,Nature,3/13,sundae,Forest Life,"Take a page out of someone else's book, if it's a good book.",#fffce9,#ec7efc
244,Melba,https://acnhcdn.com/latest/NpcIcon/kal02.png,https://acnhcdn.com/latest/NpcBromide/NpcNmlKal02.png,Koala,Female,Normal,B,Education,4/12,toasty,K.K. Stroll,A friend who shares is a friend who cares.,#fffce9,#e4b887
245,Merengue,https://acnhcdn.com/latest/NpcIcon/rhn07.png,https://acnhcdn.com/latest/NpcBromide/NpcNmlRhn07.png,Rhinoceros,Female,Normal,A,Nature,3/19,shortcake,K.K. Ballad,Life is a piece of cake.,#634b4b,#f2bdc7
246,Merry,https://acnhcdn.com/latest/NpcIcon/cat16.png,https://acnhcdn.com/latest/NpcBromide/NpcNmlCat16.png,Cat,Female,Peppy,B,Fashion,6/29,mweee,Neapolitan,A smile increases your face value.,#879b96,#fff98f
247,Midge,https://acnhcdn.com/latest/NpcIcon/brd08.png,https://acnhcdn.com/latest/NpcBromide/NpcNmlBrd08.png,Bird,Female,Normal,B,Education,3/12,tweedledee,K.K. Stroll,"When the world gets cold, just fly south.",#fffce9,#ec7efc
248,Mint,https://acnhcdn.com/latest/NpcIcon/squ09.png,https://acnhcdn.com/latest/NpcBromide/NpcNmlSqu09.png,Squirrel,Female,Snooty,B,Fashion,5/2,ahhhhhh,K.K. Soul,Always lead by example.,#219479,#87e0a9
249,Mira,https://acnhcdn.com/latest/NpcIcon/rbt19.png,https://acnhcdn.com/latest/NpcBromide/NpcNmlRbt19.png,Rabbit,Female,Big Sister,A,Fitness,7/6,cottontail,Go K.K. Rider,Always help a friend in need.,#9b8986,#fff80d
250,Miranda,https://acnhcdn.com/latest/NpcIcon/duk12.png,https://acnhcdn.com/latest/NpcBromide/NpcNmlDuk12.png,Duck,Female,Snooty,B,Fashion,4/23,quackulous,K.K. Sonata,"If the world is flooded, it will be easy for the duck.",#fffce9,#ec7efc
251,Mitzi,https://acnhcdn.com/latest/NpcIcon/cat01.png,https://acnhcdn.com/latest/NpcBromide/NpcNmlCat01.png,Cat,Female,Normal,B,Education,9/25,mew,K.K. Love Song,Practice makes purrrfect!,#fffce9,#7fa9ff
252,Moe,https://acnhcdn.com/latest/NpcIcon/cat08.png,https://acnhcdn.com/latest/NpcBromide/NpcNmlCat08.png,Cat,Male,Lazy,B,Play,1/12,myawn,Two Days Ago,Ignorance is bliss.,#fffce9,#0961f6
253,Molly,https://acnhcdn.com/latest/NpcIcon/duk16.png,https://acnhcdn.com/latest/NpcBromide/NpcNmlDuk16.png,Duck,Female,Normal,A,Nature,3/7,quackidee,K.K. Ballad,Like water off a duck's back.,#fffce9,#e8b010
254,Monique,https://acnhcdn.com/latest/NpcIcon/cat11.png,https://acnhcdn.com/latest/NpcBromide/NpcNmlCat11.png,Cat,Female,Snooty,B,Fashion,9/30,pffffft,K.K. Cruisin',All publicity is good publicity!,#879b96,#fff98f
255,Monty,https://acnhcdn.com/latest/NpcIcon/mnk04.png,https://acnhcdn.com/latest/NpcBromide/NpcNmlMnk04.png,Monkey,Male,Cranky,B,Education,12/7,g'tang,To the Edge,No news is good news.,#498992,#acc8cf
256,Moose,https://acnhcdn.com/latest/NpcIcon/mus14.png,https://acnhcdn.com/latest/NpcBromide/NpcNmlMus14.png,Mouse,Male,Jock,B,Fitness,9/13,shorty,K.K. Rockabilly,A cornered rat will summon the courage to bite a cat.,#fffce9,#7fa9ff
257,Mott,https://acnhcdn.com/latest/NpcIcon/lon06.png,https://acnhcdn.com/latest/NpcBromide/NpcNmlLon06.png,Lion,Male,Jock,B,Fitness,7/10,cagey,K.K. Fusion,The lion's share goes to the lion.,#8b5f57,#d8cc39
258,Muffy,https://acnhcdn.com/latest/NpcIcon/shp12.png,https://acnhcdn.com/latest/NpcBromide/NpcNmlShp12.png,Sheep,Female,Big Sister,A,Music,2/14,nightshade,K.K. Sonata,There's a black sheep in every family.,#fffce9,#515151
259,Murphy,https://acnhcdn.com/latest/NpcIcon/cbr07.png,https://acnhcdn.com/latest/NpcBromide/NpcNmlCbr07.png,Bear cub,Male,Cranky,A,Education,12/29,malarkey,K.K. Safari,"More money, more problems.",#28665a,#78dd62
260,Nan,https://acnhcdn.com/latest/NpcIcon/goa01.png,https://acnhcdn.com/latest/NpcBromide/NpcNmlGoa01.png,Goat,Female,Normal,B,Nature,8/24,kid,K.K. Étude,Nanny-nanny boo-boo!,#fffce9,#515151
261,Nana,https://acnhcdn.com/latest/NpcIcon/mnk01.png,https://acnhcdn.com/latest/NpcBromide/NpcNmlMnk01.png,Monkey,Female,Normal,B,Education,8/23,po po,K.K. Ballad,Bread always falls peanut-butter side down.,#fffce9,#ec7efc
262,Naomi,https://acnhcdn.com/latest/NpcIcon/cow07.png,https://acnhcdn.com/latest/NpcBromide/NpcNmlCow07.png,Cow,Female,Snooty,A,Fashion,2/28,moolah,K.K. Milonga,Moo like there's no tomorrow.,#fffce9,#3fd8e0
263,Nate,https://acnhcdn.com/latest/NpcIcon/bea05.png,https://acnhcdn.com/latest/NpcBromide/NpcNmlBea05.png,Bear,Male,Lazy,B,Play,8/16,yawwwn,Forest Life,Be true to yourself.,#fffce9,#e8b010
264,Nibbles,https://acnhcdn.com/latest/NpcIcon/squ04.png,https://acnhcdn.com/latest/NpcBromide/NpcNmlSqu04.png,Squirrel,Female,Peppy,B,Fashion,7/19,niblet,K.K. Disco,"Appearances are, like, totally deceiving.",#fffce9,#00d1bd
265,Norma,https://acnhcdn.com/latest/NpcIcon/cow06.png,https://acnhcdn.com/latest/NpcBromide/NpcNmlCow06.png,Cow,Female,Normal,A,Nature,9/20,hoof hoo,Mountain Song,"If you want what you have, then you'll have what you want.",#634b4b,#f2bdc7
266,O'Hare,https://acnhcdn.com/latest/NpcIcon/rbt15.png,https://acnhcdn.com/latest/NpcBromide/NpcNmlRbt15.png,Rabbit,Male,Smug,B,Nature,7/24,amigo,K.K. Island,It's not old; it's vintage.,#fffce9,#7a2500
267,Octavian,https://acnhcdn.com/latest/NpcIcon/ocp00.png,https://acnhcdn.com/latest/NpcBromide/NpcNmlOcp00.png,Octopus,Male,Cranky,B,Play,9/20,sucker,K.K. D&B,Don't be a sucker!,#fffad4,#ff4040
268,Olaf,https://acnhcdn.com/latest/NpcIcon/ant09.png,https://acnhcdn.com/latest/NpcBromide/NpcNmlAnt09.png,Anteater,Male,Smug,A,Education,5/19,whiffa,K.K. Milonga,Keep your nose clean.,#fff2bb,#ff791f
269,Olive,https://acnhcdn.com/latest/NpcIcon/cbr09.png,https://acnhcdn.com/latest/NpcBromide/NpcNmlCbr09.png,Bear cub,Female,Normal,A,Nature,7/12,sweet pea,Neapolitan,Sticky fingers attract bees.,#5e5e5e,#bfbfbf
270,Olivia,https://acnhcdn.com/latest/NpcIcon/cat03.png,https://acnhcdn.com/latest/NpcBromide/NpcNmlCat03.png,Cat,Female,Snooty,B,Music,2/3,purrr,K.K. Sonata,There's an exception to every rule.,#848484,#ffffff
271,Opal,https://acnhcdn.com/latest/NpcIcon/elp00.png,https://acnhcdn.com/latest/NpcBromide/NpcNmlElp00.png,Elephant,Female,Snooty,B,Fashion,1/20,snoot,K.K. Cruisin',"However little you think of an elephant, you can't say it won't fill a pot.",#219479,#87e0a9
272,Ozzie,https://acnhcdn.com/latest/NpcIcon/kal05.png,https://acnhcdn.com/latest/NpcBromide/NpcNmlKal05.png,Koala,Male,Lazy,B,Play,5/7,ol' bear,Mr. K.K.,Half a loaf is better than none.,#5e5e5e,#bfbfbf
273,Pancetti,https://acnhcdn.com/latest/NpcIcon/pig16.png,https://acnhcdn.com/latest/NpcBromide/NpcNmlPig16.png,Pig,Female,Snooty,A,Music,11/14,sooey,K.K. Cruisin',Always get it in writing.,#fffce9,#e2856b
274,Pango,https://acnhcdn.com/latest/NpcIcon/ant02.png,https://acnhcdn.com/latest/NpcBromide/NpcNmlAnt02.png,Anteater,Female,Peppy,B,Fashion,11/9,snooooof,K.K. Oasis,A thing of beauty is a joy forever.,#fffce9,#00d1bd
275,Paolo,https://acnhcdn.com/latest/NpcIcon/elp05.png,https://acnhcdn.com/latest/NpcBromide/NpcNmlElp05.png,Elephant,Male,Lazy,A,Nature,5/5,pal,To the Edge,"When it works, it works.",#fffce9,#f993ce
276,Papi,https://acnhcdn.com/latest/NpcIcon/hrs12.png,https://acnhcdn.com/latest/NpcBromide/NpcNmlHrs12.png,Horse,Male,Lazy,A,Nature,1/10,haaay,Hypno K.K.,Never say neigh.,#fffce9,#d86808
277,Pashmina,https://acnhcdn.com/latest/NpcIcon/goa08.png,https://acnhcdn.com/latest/NpcBromide/NpcNmlGoa08.png,Goat,Female,Big Sister,A,Music,12/26,kidders,K.K. Disco,"Before you judge someone, walk a mile in their hooves.",#fffce9,#e2856b
278,Pate,https://acnhcdn.com/latest/NpcIcon/duk02.png,https://acnhcdn.com/latest/NpcBromide/NpcNmlDuk02.png,Duck,Female,Peppy,B,Fashion,2/23,quackle,K.K. Soul,A duck won't bite you.,#fffad4,#8bcdea
279,Patty,https://acnhcdn.com/latest/NpcIcon/cow00.png,https://acnhcdn.com/latest/NpcBromide/NpcNmlCow00.png,Cow,Female,Peppy,B,Fashion,5/10,how-now,K.K. Calypso,A friend in need is a friend indeed!,#fffce9,#7a2500
280,Paula,https://acnhcdn.com/latest/NpcIcon/bea10.png,https://acnhcdn.com/latest/NpcBromide/NpcNmlBea10.png,Bear,Female,Big Sister,B,Fitness,3/22,yodelay,K.K. Disco,Trends always make a comeback.,#fffce9,#e8b010
281,Peaches,https://acnhcdn.com/latest/NpcIcon/hrs08.png,https://acnhcdn.com/latest/NpcBromide/NpcNmlHrs08.png,Horse,Female,Normal,B,Education,11/28,neighbor,Forest Life,Every day is a gift.,#fffce9,#f993ce
282,Peanut,https://acnhcdn.com/latest/NpcIcon/squ00.png,https://acnhcdn.com/latest/NpcBromide/NpcNmlSqu00.png,Squirrel,Female,Peppy,B,Fashion,6/8,slacker,Forest Life,Never take a nibble when you can take a bite.,#fffce9,#ec7efc
283,Pecan,https://acnhcdn.com/latest/NpcIcon/squ03.png,https://acnhcdn.com/latest/NpcBromide/NpcNmlSqu03.png,Squirrel,Female,Snooty,B,Fashion,9/10,chipmunk,K.K. Love Song,Promises are like pie crusts— they're made to be broken.,#fffce9,#7a2500
284,Peck,https://acnhcdn.com/latest/NpcIcon/brd17.png,https://acnhcdn.com/latest/NpcBromide/NpcNmlBrd17.png,Bird,Male,Jock,A,Play,7/25,crunch,My Place,The best defense is a good offense.,#fffce9,#4c3317
285,Peewee,https://acnhcdn.com/latest/NpcIcon/gor01.png,https://acnhcdn.com/latest/NpcBromide/NpcNmlGor01.png,Gorilla,Male,Cranky,B,Fitness,9/11,li'l bitty baby,K.K. Rock,Look behind you.,#fffce9,#7fa9ff
286,Peggy,https://acnhcdn.com/latest/NpcIcon/pig11.png,https://acnhcdn.com/latest/NpcBromide/NpcNmlPig11.png,Pig,Female,Peppy,B,Fashion,5/23,shweetie,K.K. Bossa,We're all diamonds in the rough.,#fffce9,#e4b887
287,Pekoe,https://acnhcdn.com/latest/NpcIcon/cbr14.png,https://acnhcdn.com/latest/NpcBromide/NpcNmlCbr14.png,Bear cub,Female,Normal,B,Nature,5/18,bud,Imperial K.K.,Let bygones be bygones.,#848484,#ffffff
288,Penelope,https://acnhcdn.com/latest/NpcIcon/mus17.png,https://acnhcdn.com/latest/NpcBromide/NpcNmlMus17.png,Mouse,Female,Peppy,A,Fashion,2/5,oh bow,Bubblegum K.K.,One mile or a thousand makes no difference to love.,#fffce9,#c0ab72
289,Petri,https://acnhcdn.com/latest/NpcIcon/mus19.png,https://acnhcdn.com/latest/NpcBromide/NpcNmlMus19.png,Mouse,Female,Snooty,A,Education,10/23,mmmhmm,Pondering,Our DNA is only the beginning of the story.,#725661,#ffebff
290,Phil,https://acnhcdn.com/latest/NpcIcon/ost07.png,https://acnhcdn.com/latest/NpcBromide/NpcNmlOst07.png,Ostrich,Male,Smug,A,Music,11/27,hurk,K.K. Moody,Best not to say too much.,#fffce9,#7352e8
291,Phoebe,https://acnhcdn.com/latest/NpcIcon/ost10.png,https://acnhcdn.com/latest/NpcBromide/NpcNmlOst10.png,Ostrich,Female,Big Sister,A,Fitness,4/22,sparky,K.K. Flamenco,You can't keep a good bird down.,#fff2bb,#ff791f
292,Pierce,https://acnhcdn.com/latest/NpcIcon/pbr02.png,https://acnhcdn.com/latest/NpcBromide/NpcNmlPbr02.png,Eagle,Male,Jock,B,Fitness,1/8,hawkeye,K.K. Gumbo,"When someone says fly, you ask how high!",#fffce9,#55cfff
293,Pietro,https://acnhcdn.com/latest/NpcIcon/shp13.png,https://acnhcdn.com/latest/NpcBromide/NpcNmlShp13.png,Sheep,Male,Smug,A,Music,4/19,honk honk,K.K. Parade,Be the class clown.,#fffad4,#ff4040
294,Pinky,https://acnhcdn.com/latest/NpcIcon/bea01.png,https://acnhcdn.com/latest/NpcBromide/NpcNmlBea01.png,Bear,Female,Peppy,B,Fashion,9/9,wah,Imperial K.K.,Time spent with friends is time well spent.,#879b96,#fff98f
295,Piper,https://acnhcdn.com/latest/NpcIcon/brd05.png,https://acnhcdn.com/latest/NpcBromide/NpcNmlBrd05.png,Bird,Female,Peppy,A,Play,4/18,chickadee,K.K. Synth,"Where there's life, there's hope.",#848484,#ffffff
296,Pippy,https://acnhcdn.com/latest/NpcIcon/rbt06.png,https://acnhcdn.com/latest/NpcBromide/NpcNmlRbt06.png,Rabbit,Female,Peppy,B,Fashion,6/14,li'l hare,Drivin',Fake it till you make it.,#879b96,#fff98f
297,Plucky,https://acnhcdn.com/latest/NpcIcon/chn10.png,https://acnhcdn.com/latest/NpcBromide/NpcNmlChn10.png,Chicken,Female,Big Sister,A,Play,10/12,chicky-poo,K.K. Island,Keep your crumbs out of the bed.,#eac113,#7c6559
298,Pompom,https://acnhcdn.com/latest/NpcIcon/duk05.png,https://acnhcdn.com/latest/NpcBromide/NpcNmlDuk05.png,Duck,Female,Peppy,B,Music,2/11,rah rah,K.K. Soul,Happiness is a rainy day!,#848484,#ffffff
299,Poncho,https://acnhcdn.com/latest/NpcIcon/cbr02.png,https://acnhcdn.com/latest/NpcBromide/NpcNmlCbr02.png,Bear cub,Male,Jock,B,Fitness,1/2,li'l bear,K.K. Blues,Fortune favors the brave!,#fffad4,#194c89
300,Poppy,https://acnhcdn.com/latest/NpcIcon/squ15.png,https://acnhcdn.com/latest/NpcBromide/NpcNmlSqu15.png,Squirrel,Female,Normal,B,Education,8/5,nutty,Forest Life,It's all about positive thinking!,#fffce9,#db6161
301,Portia,https://acnhcdn.com/latest/NpcIcon/dog05.png,https://acnhcdn.com/latest/NpcBromide/NpcNmlDog05.png,Dog,Female,Snooty,B,Fashion,10/25,ruffian,K.K. Disco,Charity begins at home.,#848484,#ffffff
302,Prince,https://acnhcdn.com/latest/NpcIcon/flg12.png,https://acnhcdn.com/latest/NpcBromide/NpcNmlFlg12.png,Frog,Male,Lazy,B,Play,7/21,burrup,Only Me,Catch more flies with honey than vinegar.,#28665a,#78dd62
303,Puck,https://acnhcdn.com/latest/NpcIcon/pgn06.png,https://acnhcdn.com/latest/NpcBromide/NpcNmlPgn06.png,Penguin,Male,Lazy,B,Fitness,2/21,brrrrrrrrr,K.K. March,A bad attitude will land you in the penalty box.,#fffce9,#0961f6
304,Puddles,https://acnhcdn.com/latest/NpcIcon/flg06.png,https://acnhcdn.com/latest/NpcBromide/NpcNmlFlg06.png,Frog,Female,Peppy,B,Fashion,1/13,splish,K.K. Disco,Look before you leap.,#fffce9,#ff6183
305,Pudge,https://acnhcdn.com/latest/NpcIcon/cbr03.png,https://acnhcdn.com/latest/NpcBromide/NpcNmlCbr03.png,Bear cub,Male,Lazy,B,Play,6/11,golly,K.K. Stroll,There's no such thing as a free lunch.,#fff2bb,#ff791f
306,Punchy,https://acnhcdn.com/latest/NpcIcon/cat06.png,https://acnhcdn.com/latest/NpcBromide/NpcNmlCat06.png,Cat,Male,Lazy,B,Play,4/11,mrmpht,Forest Life,There's always more fish in the sea!,#848484,#ffffff
307,Purrl,https://acnhcdn.com/latest/NpcIcon/cat07.png,https://acnhcdn.com/latest/NpcBromide/NpcNmlCat07.png,Cat,Female,Snooty,B,Fashion,5/29,kitten,K.K. Chorale,Let them drink cream.,#848484,#ffffff
308,Queenie,https://acnhcdn.com/latest/NpcIcon/ost00.png,https://acnhcdn.com/latest/NpcBromide/NpcNmlOst00.png,Ostrich,Female,Snooty,B,Fashion,11/13,chicken,K.K. Gumbo,You never get a second chance to make a first impression.,#fffce9,#a06fce
309,Quillson,https://acnhcdn.com/latest/NpcIcon/duk17.png,https://acnhcdn.com/latest/NpcBromide/NpcNmlDuk17.png,Duck,Male,Smug,A,Music,12/22,ridukulous,K.K. Groove,There is beauty in everything.,#fffce9,#76b788
310,Quinn,https://acnhcdn.com/latest/NpcIcon/pbr10.png,https://acnhcdn.com/latest/NpcBromide/NpcNmlPbr10.png,Eagle,Female,Big Sister,A,Education,1/20,proper,K.K. Bashment,"Step on a violet, and you'll smell forgiveness.",#4f5d72,#d9d9ff
311,Raddle,https://acnhcdn.com/latest/NpcIcon/flg15.png,https://acnhcdn.com/latest/NpcBromide/NpcNmlFlg15.png,Frog,Male,Lazy,A,Nature,6/6,aaach—,Mr. K.K.,A healthy mind makes for a healthy body.,#fffce9,#515151
312,Rasher,https://acnhcdn.com/latest/NpcIcon/pig02.png,https://acnhcdn.com/latest/NpcBromide/NpcNmlPig02.png,Pig,Male,Cranky,B,Music,4/7,swine,K.K. Rockabilly,Don't judge a book by its cover.,#fffad4,#951d43
313,Raymond,https://acnhcdn.com/latest/NpcIcon/cat23.png,https://acnhcdn.com/latest/NpcBromide/NpcNmlCat23.png,Cat,Male,Smug,B,Nature,10/1,crisp,K.K. Cruisin',Stay on brand!,#498992,#acc8cf
314,Renée,https://acnhcdn.com/latest/NpcIcon/rhn08.png,https://acnhcdn.com/latest/NpcBromide/NpcNmlRhn08.png,Rhinoceros,Female,Big Sister,A,Music,5/28,yo yo yo,Surfin' K.K.,Reckless youth makes rueful age.,#fffce9,#ec7efc
315,Reneigh,https://acnhcdn.com/latest/NpcIcon/hrs16.png,https://acnhcdn.com/latest/NpcBromide/NpcNmlHrs16.png,Horse,Female,Big Sister,A,Play,6/4,ayup yup,K.K. Synth,"You can only be you, so be the best you that you can be.",#fffce9,#76494e
316,Rex,https://acnhcdn.com/latest/NpcIcon/lon02.png,https://acnhcdn.com/latest/NpcBromide/NpcNmlLon02.png,Lion,Male,Lazy,A,Nature,7/24,cool cat,Wandering,"Three wrongs don't make a right, but three rights make a left.",#874c25,#ffaa3b
317,Rhonda,https://acnhcdn.com/latest/NpcIcon/rhn01.png,https://acnhcdn.com/latest/NpcBromide/NpcNmlRhn01.png,Rhinoceros,Female,Normal,B,Music,1/24,bigfoot,K.K. Ballad,Don't look down your nose at people!,#848484,#ffffff
318,Ribbot,https://acnhcdn.com/latest/NpcIcon/flg01.png,https://acnhcdn.com/latest/NpcBromide/NpcNmlFlg01.png,Frog,Male,Jock,B,Fitness,2/13,zzrrbbitt,K.K. Technopop,"Never rest, never rust.",#5e5e5e,#bfbfbf
319,Ricky,https://acnhcdn.com/latest/NpcIcon/squ10.png,https://acnhcdn.com/latest/NpcBromide/NpcNmlSqu10.png,Squirrel,Male,Cranky,B,Education,9/14,nutcase,K.K. Safari,You gotta break a few shells to get to the nut.,#9b553a,#ffd00d
320,Rilla,https://acnhcdn.com/latest/NpcIcon/gor11.png,https://acnhcdn.com/latest/NpcBromide/NpcNmlGor11.png,Gorilla,Female,Peppy,A,Nature,11/1,hello,Bubblegum K.K.,"Where there's a will, there's a way.",#fff6f6,#ff3339
321,Rio,https://acnhcdn.com/latest/NpcIcon/ost04.png,https://acnhcdn.com/latest/NpcBromide/NpcNmlOst04.png,Ostrich,Female,Peppy,B,Music,9/10,li'l chick,K.K. Chorinho,Self-care? Best care.,#fffad4,#ff4040
322,Rizzo,https://acnhcdn.com/latest/NpcIcon/mus09.png,https://acnhcdn.com/latest/NpcBromide/NpcNmlMus09.png,Mouse,Male,Cranky,B,Education,1/17,squee,K.K. Folk,Evil lurks everywhere.,#fffad4,#8bcdea
323,Roald,https://acnhcdn.com/latest/NpcIcon/pgn01.png,https://acnhcdn.com/latest/NpcBromide/NpcNmlPgn01.png,Penguin,Male,Jock,B,Fitness,1/5,b-b-buddy,K.K. March,You must learn to waddle before you can swim.,#fffad4,#194c89
324,Robin,https://acnhcdn.com/latest/NpcIcon/brd01.png,https://acnhcdn.com/latest/NpcBromide/NpcNmlBrd01.png,Bird,Female,Snooty,B,Fashion,12/4,la-di-da,K.K. Cruisin',Always keep your wings manicured so you can fly away.,#9ae8df,#6b75ce
325,Rocco,https://acnhcdn.com/latest/NpcIcon/hip00.png,https://acnhcdn.com/latest/NpcBromide/NpcNmlHip00.png,Hippo,Male,Cranky,B,Education,8/18,hippie,K.K. Lament,The only thing to fear is fear itself... and wasps!,#219479,#87e0a9
326,Rocket,https://acnhcdn.com/latest/NpcIcon/gor09.png,https://acnhcdn.com/latest/NpcBromide/NpcNmlGor09.png,Gorilla,Female,Big Sister,B,Fitness,4/14,vroom,K.K. Adventure,Art feeds the soul. So does pizza.,#fffce9,#f993ce
327,Rod,https://acnhcdn.com/latest/NpcIcon/mus05.png,https://acnhcdn.com/latest/NpcBromide/NpcNmlMus05.png,Mouse,Male,Jock,B,Fitness,8/14,ace,K.K. March,"If you can't beat 'em, work harder.",#fffce9,#ec7efc
328,Rodeo,https://acnhcdn.com/latest/NpcIcon/bul01.png,https://acnhcdn.com/latest/NpcBromide/NpcNmlBul01.png,Bull,Male,Lazy,B,Fitness,10/29,chaps,K.K. Technopop,Zzzzzzzzzzzzzzzzz...,#fffce9,#515151
329,Rodney,https://acnhcdn.com/latest/NpcIcon/ham03.png,https://acnhcdn.com/latest/NpcBromide/NpcNmlHam03.png,Hamster,Male,Smug,A,Music,11/10,le ham,K.K. Rockabilly,Everything is temporary.,#fffce9,#459aba
330,Rolf,https://acnhcdn.com/latest/NpcIcon/tig00.png,https://acnhcdn.com/latest/NpcBromide/NpcNmlTig00.png,Tiger,Male,Cranky,B,Fitness,8/22,grrrolf,K.K. Condor,Don't skip lunch. Ever.,#848484,#ffffff
331,Rooney,https://acnhcdn.com/latest/NpcIcon/kgr09.png,https://acnhcdn.com/latest/NpcBromide/NpcNmlKgr09.png,Kangaroo,Male,Cranky,A,Fitness,12/1,punches,K.K. Adventure,Bob and weave! Bob and weave!,#fffce9,#3fd8e0
332,Rory,https://acnhcdn.com/latest/NpcIcon/lon07.png,https://acnhcdn.com/latest/NpcBromide/NpcNmlLon07.png,Lion,Male,Jock,A,Music,8/7,capital,K.K. Faire,Set 'em up and knock 'em down.,#fff2bb,#ff791f
333,Roscoe,https://acnhcdn.com/latest/NpcIcon/hrs04.png,https://acnhcdn.com/latest/NpcBromide/NpcNmlHrs04.png,Horse,Male,Cranky,B,Music,6/16,nay,K.K. D&B,Trouble rides a fast horse.,#fffce9,#515151
334,Rosie,https://acnhcdn.com/latest/NpcIcon/cat02.png,https://acnhcdn.com/latest/NpcBromide/NpcNmlCat02.png,Cat,Female,Peppy,A,Music,2/27,silly,Bubblegum K.K.,One good purr deserves another.,#fffce9,#7fa9ff
335,Roswell,https://acnhcdn.com/latest/NpcIcon/crd05.png,https://acnhcdn.com/latest/NpcBromide/NpcNmlCrd05.png,Alligator,Male,Smug,A,Nature,5/2,spaaace,K.K. Khoomei,Keep your eyes on the skies.,#fffce9,#4c3317
336,Rowan,https://acnhcdn.com/latest/NpcIcon/tig01.png,https://acnhcdn.com/latest/NpcBromide/NpcNmlTig01.png,Tiger,Male,Jock,B,Fitness,8/26,mango,Surfin' K.K.,Refuse to lose.,#fff2bb,#ff791f
337,Ruby,https://acnhcdn.com/latest/NpcIcon/rbt09.png,https://acnhcdn.com/latest/NpcBromide/NpcNmlRbt09.png,Rabbit,Female,Peppy,B,Nature,12/25,li'l ears,Stale Cupcakes,You can always take the red-eye.,#848484,#ffffff
338,Rudy,https://acnhcdn.com/latest/NpcIcon/cat20.png,https://acnhcdn.com/latest/NpcBromide/NpcNmlCat20.png,Cat,Male,Jock,A,Play,12/20,mush,K.K. Blues,Always land on your feet!,#fffce9,#7a2500
339,Sally,https://acnhcdn.com/latest/NpcIcon/squ07.png,https://acnhcdn.com/latest/NpcBromide/NpcNmlSqu07.png,Squirrel,Female,Normal,B,Music,6/19,nutmeg,Only Me,Even the smallest acorn may grow into the tallest tree.,#fff2bb,#ff791f
340,Samson,https://acnhcdn.com/latest/NpcIcon/mus04.png,https://acnhcdn.com/latest/NpcBromide/NpcNmlMus04.png,Mouse,Male,Jock,B,Fitness,7/5,pipsqueak,Rockin' K.K.,Squeak softly and carry a big stick.,#498992,#acc8cf
341,Sandy,https://acnhcdn.com/latest/NpcIcon/ost02.png,https://acnhcdn.com/latest/NpcBromide/NpcNmlOst02.png,Ostrich,Female,Normal,A,Nature,10/21,speedy,K.K. Soul,Soaring through the sky takes more than a pair of wings.,#fff2bb,#ff791f
342,Sasha,https://acnhcdn.com/latest/NpcIcon/rbt21.png,https://acnhcdn.com/latest/NpcBromide/NpcNmlRbt21.png,Rabbit,Male,Lazy,B,Fashion,5/19,hoppity,K.K. Lovers,Timing is everything.,#fffce9,#00d1bd
343,Savannah,https://acnhcdn.com/latest/NpcIcon/hrs02.png,https://acnhcdn.com/latest/NpcBromide/NpcNmlHrs02.png,Horse,Female,Normal,B,Music,1/25,y'all,Forest Life,Keep your chin up!,#848484,#ffffff
344,Scoot,https://acnhcdn.com/latest/NpcIcon/duk10.png,https://acnhcdn.com/latest/NpcBromide/NpcNmlDuk10.png,Duck,Male,Jock,B,Fitness,6/13,zip zoom,My Place,"Some birds avoid the water, ducks look for it.",#28665a,#78dd62
345,Shari,https://acnhcdn.com/latest/NpcIcon/mnk07.png,https://acnhcdn.com/latest/NpcBromide/NpcNmlMnk07.png,Monkey,Female,Big Sister,A,Music,4/10,cheeky,K.K. Cruisin',A good start leads to a good end.,#5e5e5e,#bfbfbf
346,Sheldon,https://acnhcdn.com/latest/NpcIcon/squ16.png,https://acnhcdn.com/latest/NpcBromide/NpcNmlSqu16.png,Squirrel,Male,Jock,A,Play,2/26,cardio,K.K. Country,"Winners don't quit, and quitters never win.",#874c25,#ffaa3b
347,Shep,https://acnhcdn.com/latest/NpcIcon/dog18.png,https://acnhcdn.com/latest/NpcBromide/NpcNmlDog18.png,Dog,Male,Smug,A,Education,11/24,baa baa baa,K.K. Swing,Even dogs won't get in the middle of true love.,#fffce9,#c0ab72
348,Sherb,https://acnhcdn.com/latest/NpcIcon/goa09.png,https://acnhcdn.com/latest/NpcBromide/NpcNmlGoa09.png,Goat,Male,Lazy,A,Nature,1/18,bawwww,Hypno K.K.,Forty winks is never enough.,#85a2af,#bff2ff
349,Shino,https://acnhcdn.com/latest/NpcIcon/der11.png,https://acnhcdn.com/latest/NpcBromide/NpcNmlDer11.png,Deer,Female,Peppy,A,Education,10/31,okaaay,King K.K.,Better the demon you know than the one you do not.,#848484,#ffffff
350,Simon,https://acnhcdn.com/latest/NpcIcon/mnk02.png,https://acnhcdn.com/latest/NpcBromide/NpcNmlMnk02.png,Monkey,Male,Lazy,B,Play,1/19,zzzook,K.K. Safari,Friends go together like peanut butter and bananas.,#8b5f57,#d8cc39
351,Skye,https://acnhcdn.com/latest/NpcIcon/wol09.png,https://acnhcdn.com/latest/NpcBromide/NpcNmlWol09.png,Wolf,Female,Normal,A,Music,3/24,airmail,Forest Life,Love makes the world go 'round.,#fffce9,#3fd8e0
352,Sly,https://acnhcdn.com/latest/NpcIcon/crd06.png,https://acnhcdn.com/latest/NpcBromide/NpcNmlCrd06.png,Alligator,Male,Jock,A,Play,11/15,hoo-rah,K.K. Safari,Don't bite off more than you can chew.,#fffce9,#e8b010
353,Snake,https://acnhcdn.com/latest/NpcIcon/rbt03.png,https://acnhcdn.com/latest/NpcBromide/NpcNmlRbt03.png,Rabbit,Male,Jock,B,Fitness,11/3,bunyip,King K.K.,A good ninja is neither seen nor heard.,#fffce9,#f993ce
354,Snooty,https://acnhcdn.com/latest/NpcIcon/ant06.png,https://acnhcdn.com/latest/NpcBromide/NpcNmlAnt06.png,Anteater,Female,Snooty,A,Education,10/24,sniffff,K.K. Folk,"Request forgiveness, not permission.",#634b4b,#f2bdc7
355,Soleil,https://acnhcdn.com/latest/NpcIcon/ham04.png,https://acnhcdn.com/latest/NpcBromide/NpcNmlHam04.png,Hamster,Female,Snooty,A,Education,8/9,tarnation,K.K. Oasis,Sometimes dreams are merely dreams.,#fff2bb,#ff791f
356,Sparro,https://acnhcdn.com/latest/NpcIcon/brd18.png,https://acnhcdn.com/latest/NpcBromide/NpcNmlBrd18.png,Bird,Male,Jock,A,Play,11/20,like whoa,I Love You,The proof of the pudding is in the eating.,#fffce9,#7a2500
357,Spike,https://acnhcdn.com/latest/NpcIcon/rhn02.png,https://acnhcdn.com/latest/NpcBromide/NpcNmlRhn02.png,Rhinoceros,Male,Cranky,A,Nature,6/17,punk,K.K. House,Keep your eye on the ball.,#fff2bb,#ff791f
358,Spork,https://acnhcdn.com/latest/NpcIcon/pig05.png,https://acnhcdn.com/latest/NpcBromide/NpcNmlPig05.png,Pig,Male,Lazy,B,Play,9/3,snork,Forest Life,It's never too late for a snack.,#fffce9,#e4b887
359,Sprinkle,https://acnhcdn.com/latest/NpcIcon/pgn14.png,https://acnhcdn.com/latest/NpcBromide/NpcNmlPgn14.png,Penguin,Female,Peppy,A,Play,2/20,frappe,K.K. Marathon,Frosting is just the icing on the cake.,#fffce9,#00d1bd
360,Sprocket,https://acnhcdn.com/latest/NpcIcon/ost03.png,https://acnhcdn.com/latest/NpcBromide/NpcNmlOst03.png,Ostrich,Male,Jock,A,Music,12/1,zort,K.K. Metal,Strike while the iron is hot.,#fffce9,#0ca54a
361,Static,https://acnhcdn.com/latest/NpcIcon/squ08.png,https://acnhcdn.com/latest/NpcBromide/NpcNmlSqu08.png,Squirrel,Male,Cranky,B,Music,7/9,krzzt,Surfin' K.K.,Lightning never strikes twice.,#fffce9,#a06fce
362,Stella,https://acnhcdn.com/latest/NpcIcon/shp03.png,https://acnhcdn.com/latest/NpcBromide/NpcNmlShp03.png,Sheep,Female,Normal,A,Nature,4/9,baa-dabing,Only Me,100% Natural Fiber.,#fffad4,#951d43
363,Sterling,https://acnhcdn.com/latest/NpcIcon/pbr07.png,https://acnhcdn.com/latest/NpcBromide/NpcNmlPbr07.png,Eagle,Male,Jock,B,Fitness,12/11,skraaaaw,K.K. Dirge,Discretion is the better part of valor.,#5e5e5e,#bfbfbf
364,Stinky,https://acnhcdn.com/latest/NpcIcon/cat13.png,https://acnhcdn.com/latest/NpcBromide/NpcNmlCat13.png,Cat,Male,Jock,B,Fitness,8/17,GAAHHH,K.K. Flamenco,"If the mask fits, wear it!",#8b5f57,#d8cc39
365,Stitches,https://acnhcdn.com/latest/NpcIcon/cbr05.png,https://acnhcdn.com/latest/NpcBromide/NpcNmlCbr05.png,Bear cub,Male,Lazy,B,Play,2/10,stuffin',I Love You,A stitch in time saves nine.,#874c25,#ffaa3b
366,Stu,https://acnhcdn.com/latest/NpcIcon/bul03.png,https://acnhcdn.com/latest/NpcBromide/NpcNmlBul03.png,Bull,Male,Lazy,A,Nature,4/20,mrooooo,K.K. Rockabilly,"As a cow grows, so do its nostrils.",#9ae8df,#6b75ce
367,Sydney,https://acnhcdn.com/latest/NpcIcon/kal03.png,https://acnhcdn.com/latest/NpcBromide/NpcNmlKal03.png,Koala,Female,Normal,B,Music,6/21,sunshine,Drivin',Sail wherever the wind takes you.,#fffce9,#7352e8
368,Sylvana,https://acnhcdn.com/latest/NpcIcon/squ14.png,https://acnhcdn.com/latest/NpcBromide/NpcNmlSqu14.png,Squirrel,Female,Normal,A,Nature,10/22,hubbub,Spring Blossoms,Remember to see the forest between the trees.,#fffce9,#c0ab72
369,Sylvia,https://acnhcdn.com/latest/NpcIcon/kgr06.png,https://acnhcdn.com/latest/NpcBromide/NpcNmlKgr06.png,Kangaroo,Female,Big Sister,B,Music,5/3,boing,DJ K.K.,Hop first; ask questions later.,#fffce9,#a06fce
370,T-Bone,https://acnhcdn.com/latest/NpcIcon/bul05.png,https://acnhcdn.com/latest/NpcBromide/NpcNmlBul05.png,Bull,Male,Cranky,B,Education,5/20,moocher,K.K. Steppe,Don't have a cow.,#498992,#acc8cf
371,Tabby,https://acnhcdn.com/latest/NpcIcon/cat12.png,https://acnhcdn.com/latest/NpcBromide/NpcNmlCat12.png,Cat,Female,Peppy,B,Music,8/13,me-WOW,DJ K.K.,You can never have too much of a good thing!,#fff2bb,#ff791f
372,Tad,https://acnhcdn.com/latest/NpcIcon/flg09.png,https://acnhcdn.com/latest/NpcBromide/NpcNmlFlg09.png,Frog,Male,Jock,A,Play,8/3,sluuuurp,Wandering,Take a leap!,#fffce9,#76b788
373,Tammi,https://acnhcdn.com/latest/NpcIcon/mnk03.png,https://acnhcdn.com/latest/NpcBromide/NpcNmlMnk03.png,Monkey,Female,Peppy,B,Fashion,4/2,chimpy,Imperial K.K.,Always be down to monkey around!,#9b553a,#ffd00d
374,Tammy,https://acnhcdn.com/latest/NpcIcon/cbr17.png,https://acnhcdn.com/latest/NpcBromide/NpcNmlCbr17.png,Bear cub,Female,Big Sister,A,Play,6/23,ya heard,DJ K.K.,"If a job is worth doing, do it right!",#9b8986,#fff80d
375,Tangy,https://acnhcdn.com/latest/NpcIcon/cat05.png,https://acnhcdn.com/latest/NpcBromide/NpcNmlCat05.png,Cat,Female,Peppy,B,Music,6/17,reeeeOWR,I Love You,"When life gives you lemons, make lemonade!",#9b553a,#ffd00d
376,Tank,https://acnhcdn.com/latest/NpcIcon/rhn00.png,https://acnhcdn.com/latest/NpcBromide/NpcNmlRhn00.png,Rhinoceros,Male,Jock,B,Fitness,5/6,kerPOW,K.K. Lament,Remember to keep your core muscles engaged!,#fffad4,#8bcdea
377,Tasha,https://acnhcdn.com/latest/NpcIcon/squ13.png,https://acnhcdn.com/latest/NpcBromide/NpcNmlSqu13.png,Squirrel,Female,Snooty,A,Fitness,11/30,nice nice,K.K. Synth,There's no such thing as a safe secret.,#fffad4,#194c89
378,Teddy,https://acnhcdn.com/latest/NpcIcon/bea00.png,https://acnhcdn.com/latest/NpcBromide/NpcNmlBea00.png,Bear,Male,Jock,B,Fitness,9/26,grooof,Mr. K.K.,"No pain, no gain!",#fff2bb,#ff791f
379,Tex,https://acnhcdn.com/latest/NpcIcon/pgn12.png,https://acnhcdn.com/latest/NpcBromide/NpcNmlPgn12.png,Penguin,Male,Smug,A,Music,10/6,picante,K.K. D&B,Rules were made to be broken.,#fffad4,#194c89
380,Tia,https://acnhcdn.com/latest/NpcIcon/elp10.png,https://acnhcdn.com/latest/NpcBromide/NpcNmlElp10.png,Elephant,Female,Normal,A,Nature,11/18,teacup,K.K. Bossa,Tea is a cup of life.,#848484,#ffffff
381,Tiansheng,https://acnhcdn.com/latest/NpcIcon/mnk09.png,https://acnhcdn.com/latest/NpcBromide/NpcNmlMnk09.png,Monkey,Male,Jock,B,Fitness,8/18,wuwu,Imperial K.K.,The world is more swole than you will ever fully know.,#fff2bb,#ff791f
382,Tiffany,https://acnhcdn.com/latest/NpcIcon/rbt07.png,https://acnhcdn.com/latest/NpcBromide/NpcNmlRbt07.png,Rabbit,Female,Snooty,B,Fashion,1/9,bunbun,K.K. Ragtime,What is cheap is most costly.,#848484,#ffffff
383,Timbra,https://acnhcdn.com/latest/NpcIcon/shp10.png,https://acnhcdn.com/latest/NpcBromide/NpcNmlShp10.png,Sheep,Female,Snooty,A,Education,10/21,pine nut,K.K. Love Song,Don't pine for the past.,#fffce9,#d86808
384,Tipper,https://acnhcdn.com/latest/NpcIcon/cow01.png,https://acnhcdn.com/latest/NpcBromide/NpcNmlCow01.png,Cow,Female,Snooty,B,Fashion,8/25,pushy,Soulful K.K.,It takes two to tango.,#848484,#ffffff
385,Toby,https://acnhcdn.com/latest/NpcIcon/rbt20.png,https://acnhcdn.com/latest/NpcBromide/NpcNmlRbt20.png,Rabbit,Male,Smug,A,Music,7/10,ribbit,King K.K.,"Toby or not Toby? I don't know, I'm asking you.",#479b78,#fce229
386,Tom,https://acnhcdn.com/latest/NpcIcon/cat15.png,https://acnhcdn.com/latest/NpcBromide/NpcNmlCat15.png,Cat,Male,Cranky,B,Education,12/10,me-YOWZA,K.K. Rock,There's no use crying over spilled milk.,#fffce9,#0961f6
387,Truffles,https://acnhcdn.com/latest/NpcIcon/pig01.png,https://acnhcdn.com/latest/NpcBromide/NpcNmlPig01.png,Pig,Female,Peppy,B,Fashion,7/28,snoutie,Neapolitan,The best things in life are free.,#fffce9,#f993ce
388,Tucker,https://acnhcdn.com/latest/NpcIcon/elp09.png,https://acnhcdn.com/latest/NpcBromide/NpcNmlElp09.png,Elephant,Male,Lazy,A,Nature,9/7,fuzzers,K.K. Safari,Time makes fossils of us all.,#fffce9,#e8b010
389,Tutu,https://acnhcdn.com/latest/NpcIcon/bea07.png,https://acnhcdn.com/latest/NpcBromide/NpcNmlBea07.png,Bear,Female,Peppy,B,Fashion,9/15,twinkles,Bubblegum K.K.,Even the best of friends start out as strangers.,#848484,#ffffff
390,Twiggy,https://acnhcdn.com/latest/NpcIcon/brd03.png,https://acnhcdn.com/latest/NpcBromide/NpcNmlBrd03.png,Bird,Female,Peppy,B,Fashion,7/13,cheepers,Bubblegum K.K.,It's the early bird that catches the worm!,#9b8986,#fff80d
391,Tybalt,https://acnhcdn.com/latest/NpcIcon/tig02.png,https://acnhcdn.com/latest/NpcBromide/NpcNmlTig02.png,Tiger,Male,Jock,A,Play,8/19,grrrRAH,K.K. Groove,There's no excuse for half-baked potatoes.,#9b553a,#ffd00d
392,Ursala,https://acnhcdn.com/latest/NpcIcon/bea08.png,https://acnhcdn.com/latest/NpcBromide/NpcNmlBea08.png,Bear,Female,Big Sister,A,Music,1/16,grooomph,Café K.K.,Surround yourself with things you love.,#634b4b,#f2bdc7
393,Velma,https://acnhcdn.com/latest/NpcIcon/goa06.png,https://acnhcdn.com/latest/NpcBromide/NpcNmlGoa06.png,Goat,Female,Snooty,B,Education,1/14,blih,Mr. K.K.,"Work smarter, not harder.",#fffce9,#ff6183
394,Vesta,https://acnhcdn.com/latest/NpcIcon/shp00.png,https://acnhcdn.com/latest/NpcBromide/NpcNmlShp00.png,Sheep,Female,Normal,B,Fashion,4/16,baaaffo,Forest Life,No sweater off my back.,#848484,#ffffff
395,Vic,https://acnhcdn.com/latest/NpcIcon/bul08.png,https://acnhcdn.com/latest/NpcBromide/NpcNmlBul08.png,Bull,Male,Cranky,A,Fitness,12/29,cud,K.K. March,"You mess with the bull, you get the horns.",#fffce9,#c0ab72
396,Victoria,https://acnhcdn.com/latest/NpcIcon/hrs01.png,https://acnhcdn.com/latest/NpcBromide/NpcNmlHrs01.png,Horse,Female,Peppy,B,Fitness,7/11,sugar cube,K.K. Adventure,Don't put the cart before the horse.,#8b5f57,#d8cc39
397,Violet,https://acnhcdn.com/latest/NpcIcon/gor07.png,https://acnhcdn.com/latest/NpcBromide/NpcNmlGor07.png,Gorilla,Female,Snooty,B,Fitness,9/1,sweetie,K.K. Bazaar,Pearls are a pink gorilla's best friend.,#fffce9,#ec7efc
398,Vivian,https://acnhcdn.com/latest/NpcIcon/wol08.png,https://acnhcdn.com/latest/NpcBromide/NpcNmlWol08.png,Wolf,Female,Snooty,A,Education,1/26,piffle,K.K. Cruisin',Onwards and upwards!,#fffce9,#e4b887
399,Vladimir,https://acnhcdn.com/latest/NpcIcon/cbr06.png,https://acnhcdn.com/latest/NpcBromide/NpcNmlCbr06.png,Bear cub,Male,Cranky,B,Play,8/2,nyet,Agent K.K.,Trouble never comes alone.,#fffce9,#ff6183
400,Wade,https://acnhcdn.com/latest/NpcIcon/pgn09.png,https://acnhcdn.com/latest/NpcBromide/NpcNmlPgn09.png,Penguin,Male,Lazy,A,Nature,10/30,so it goes,Stale Cupcakes,"Which came first, the seeds or the sunflower?",#848484,#ffffff
401,Walker,https://acnhcdn.com/latest/NpcIcon/dog06.png,https://acnhcdn.com/latest/NpcBromide/NpcNmlDog06.png,Dog,Male,Lazy,B,Play,6/10,wuh,Two Days Ago,"The dog wags his tail, not for you, but for your bread.",#848484,#ffffff
402,Walt,https://acnhcdn.com/latest/NpcIcon/kgr08.png,https://acnhcdn.com/latest/NpcBromide/NpcNmlKgr08.png,Kangaroo,Male,Cranky,A,Fitness,4/24,pockets,K.K. Lament,Take the good with the bad.,#498992,#acc8cf
403,Wart Jr.,https://acnhcdn.com/latest/NpcIcon/flg05.png,https://acnhcdn.com/latest/NpcBromide/NpcNmlFlg05.png,Frog,Male,Cranky,B,Education,8/21,grr-ribbit,Steep Hill,Age before beauty.,#fffce9,#d86808
404,Weber,https://acnhcdn.com/latest/NpcIcon/duk11.png,https://acnhcdn.com/latest/NpcBromide/NpcNmlDuk11.png,Duck,Male,Lazy,A,Nature,6/30,quaa,K.K. Fusion,Today's adults are yesterday's children.,#fffce9,#a87850
405,Wendy,https://acnhcdn.com/latest/NpcIcon/shp09.png,https://acnhcdn.com/latest/NpcBromide/NpcNmlShp09.png,Sheep,Female,Peppy,B,Fashion,8/15,lambkins,Space K.K.,Every cloud has a silver lining.,#fffce9,#55cfff
406,Whitney,https://acnhcdn.com/latest/NpcIcon/wol03.png,https://acnhcdn.com/latest/NpcBromide/NpcNmlWol03.png,Wolf,Female,Snooty,B,Fashion,9/17,snappy,K.K. Soul,Don't cry wolf unless you mean it.,#85a2af,#bff2ff
407,Willow,https://acnhcdn.com/latest/NpcIcon/shp07.png,https://acnhcdn.com/latest/NpcBromide/NpcNmlShp07.png,Sheep,Female,Snooty,B,Fashion,11/26,bo peep,K.K. Soul,You can't fight your genes.,#879b96,#fff98f
408,Winnie,https://acnhcdn.com/latest/NpcIcon/hrs05.png,https://acnhcdn.com/latest/NpcBromide/NpcNmlHrs05.png,Horse,Female,Peppy,B,Fashion,1/31,hay-OK,K.K. Country,"Smile, and the world smiles with you.",#fffce9,#c0ab72
409,Wolfgang,https://acnhcdn.com/latest/NpcIcon/wol02.png,https://acnhcdn.com/latest/NpcBromide/NpcNmlWol02.png,Wolf,Male,Cranky,B,Education,11/25,snarrrl,K.K. D&B,Don't be afraid to show your fangs.,#fffad4,#194c89
410,Yuka,https://acnhcdn.com/latest/NpcIcon/kal00.png,https://acnhcdn.com/latest/NpcBromide/NpcNmlKal00.png,Koala,Female,Snooty,B,Fashion,7/20,tsk tsk,Soulful K.K.,Beauty is in the eye of the beholder.,#fffad4,#194c89
411,Zell,https://acnhcdn.com/latest/NpcIcon/der02.png,https://acnhcdn.com/latest/NpcBromide/NpcNmlDer02.png,Deer,Male,Smug,A,Music,6/7,pronk,K.K. Swing,Clothes totally make the mammal.,#fffce9,#4c3317
412,Zoe,https://acnhcdn.com/latest/NpcIcon/ant05.png,https://acnhcdn.com/latest/NpcBromide/NpcNmlAnt05.png,Anteater,Female,Normal,B,Education,2/10,zoozooroo,K.K. Polka,Don't sign until you've read the whole thing.,#fffce9,#00d1bd
413,Zucker,https://acnhcdn.com/latest/NpcIcon/ocp02.png,https://acnhcdn.com/latest/NpcBromide/NpcNmlOcp02.png,Octopus,Male,Lazy,A,Nature,3/8,bloop,Spring Blossoms,There's no such thing as luck.,#fffce9,#e4b887